,0,1,2,3,4,5,6,7,8,9,10,11,12,13,14,15,16,17,18,19,20,21,22,23,24,25,26,27,28,29,30,31,32
0,1.03,0.9953608924940321,0.9170450363781761,0.803702173705984,1.0000537459344365,0.9376008421944099,0.8712488817622186,0.7389241781849285,0.5922122757603511,0.7072102389002133,0.8387194463046711,-0.515,-0.6460634650534581,-0.8646583340692098,-0.9315888634795105,-0.598135218093122,-0.7100801243863192,-0.7868106798558578,-0.8845870471839622,-0.9629069962224039,-0.9454565979637227,-0.9039736154949494,-0.515,-0.349297427440574,-0.05238670230896636,0.12788668977352657,-0.40191852784131454,-0.22752071780809072,-0.08443820190636081,0.1456628689990337,0.37069472046205293,0.23824635906350944,0.06525416919027827
1,0.7508461899958746,0.8428777719411101,0.9895295921118658,1.0045946604485088,0.8065669950032746,0.8742007592379317,0.912697927205093,0.9458038639754343,0.958742356840825,0.9833471524674011,0.9944662118693213,0.23520076708124615,0.0604766224491707,-0.2471675764160921,-0.4119988936696936,0.11807572128925312,-0.05714252065007967,-0.19585404923244357,-0.4103529354871207,-0.6143658094235928,-0.5038537284573419,-0.3532721361595834,-0.9860469570771238,-0.903354394390279,-0.7423620156957705,-0.5925957667788118,-0.9246427162925271,-0.8170582385878511,-0.7168438779726494,-0.5354509284883138,-0.3443765474172318,-0.47949342401006007,-0.6411940757097371
2,0.06467646357555741,0.23349772187242457,0.5256258697939102,0.6609451442415825,0.17586363054498258,0.3369254826809771,0.45940720677573454,0.6400149049407862,0.8055898503132187,0.7264604164569587,0.611154430127073,0.8579083082206415,0.7342393786338951,0.5042980540930666,0.3309094622272084,0.7702808084315492,0.6267727632160404,0.5012695266028624,0.2862955062784166,0.0671750556862556,0.21085142000786905,0.3889114056124011,-0.9225847717961982,-0.9677371005063198,-1.0299239238869737,-0.99185460646879,-0.9461444389765333,-0.9636982458970174,-0.9606767333785959,-0.9263104112192059,-0.8727649059994735,-0.9373118364648265,-1.00006583573947
3,-0.656553822278437,-0.5024521833994866,-0.22320691739150178,-0.04098515547160477,-0.5501825016220546,-0.3829856327609416,-0.2429005546762254,-0.012692347335282128,0.21576221291448008,0.07578061423822477,-0.10345788072971493,1.015576091153011,1.009993697493316,0.9824089131104027,0.8944485741212532,1.0049533010004146,0.9709351505561238,0.9266617060958777,0.8277440074541195,0.7122948684701442,0.811266555584167,0.9202980434341778,-0.3590222688745752,-0.507541514093827,-0.7592019957189008,-0.853463418649649,-0.4547707993783595,-0.5879495177951829,-0.6837611514196517,-0.8150516601188377,-0.928057081384625,-0.8870471698223934,-0.816840162704463
4,-1.0218887370938758,-0.9660397123483984,-0.8510455190654788,-0.7206971769477579,-0.9779924407045519,-0.8952934712086168,-0.813540631688905,-0.658523512871084,-0.49101869083979155,-0.6159743177545659,-0.7619867689868575,0.6227404390869619,0.7382680970648978,0.9279941825869878,0.973138999974742,0.6948820355528325,0.7887930447257658,0.8497477548844043,0.9205126088479658,0.9713061486841358,0.9719260141700304,0.9528290724759305,0.3991482980069136,0.2277716152834974,-0.07694866352151015,-0.25244182302698664,0.2831104051517182,0.10650042648284891,-0.03620712319550018,-0.2619890959768802,-0.4802874578443447,-0.3559516964154663,-0.19084230348907574
5,-0.8332960082958324,-0.9059725061867752,-1.0175604010393586,-1.0097405136735293,-0.8756648579365905,-0.9222974505756442,-0.9431977364199525,-0.9474030440228172,-0.9316416644317403,-0.9738299463092408,-1.00746217895644,-0.10766275689077585,0.06635354970126936,0.3705398926546303,0.5243178351029255,0.008137613606234027,0.17907658721203354,0.3122215104032002,0.5143105601915258,0.7038094268649558,0.6057347494522983,0.46885489852117607,0.9409587651866063,0.8396189564855017,0.6470205083847217,0.48542267857060767,0.8675272443303564,0.7432208633636104,0.6309762260167515,0.4330924838312901,0.22783223756678342,0.3680951968569405,0.5386072804352641
6,-0.19300498139100766,-0.35481147695041804,-0.6324918861402274,-0.751434686408899,-0.29867529291617023,-0.44936009577368685,-0.5615829961154404,-0.7227257079452543,-0.8672531502569172,-0.8038051008649418,-0.7068288056204034,-0.7797154680606756,-0.6415317166940122,-0.38777854618919577,-0.20871933860406322,-0.6830250973632555,-0.5277143825321795,-0.3945521353636244,-0.17068889889420608,0.05480006744745354,-0.08880707465528125,-0.26927573748396594,0.9727204494516833,0.9963431936444351,1.0202704323294194,0.960154025012962,0.9817003902794241,0.9770744783058695,0.9561351314790651,0.89341460683946,0.8124530828094625,0.8926121755202217,0.9761045431043704
7,0.5519085321242686,0.38867932291247903,0.09542605900725251,-0.08580610561791252,0.44021130546403653,0.26715783487430744,0.12444785563789716,-0.10627965498723256,-0.332755531191679,-0.198068735539401,-0.023055442455809663,-1.0291149786319462,-1.0016665143981258,-0.9358918998183139,-0.8286099146804852,-1.0039437760960641,-0.9484502201640244,-0.8874545126464333,-0.7631663485945496,-0.623912020173749,-0.7352028136818719,-0.8614317685837168,0.47720644650767907,0.6129871914856481,0.8404658408110642,0.9144160202983962,0.5637324706320253,0.6812923852897135,0.7630066570085352,0.8694460035817837,0.9566675513654282,0.933271549221274,0.8844872110395292
8,0.9976548698941778,0.9214833873842541,0.7716157163289643,0.6263308086779434,0.940478457286204,0.8388609709318336,0.7430204344065112,0.5677734921606681,0.38211268965088446,0.515029633490099,0.6732129650299895,-0.7206633931939408,-0.8188343644628067,-0.9766865396938853,-0.9993400998633354,-0.7806552495099572,-0.8550633801759936,-0.899298582513628,-0.9419546689276486,-0.9644208981762535,-0.9830677848156599,-0.9866292991916674,-0.27699147670024177,-0.10264902292143646,0.20507082336492324,0.3730092911853961,-0.1598232077762451,0.016202409244163385,0.1562781481071182,0.3741811767669783,0.5823082085253686,0.468038151325559,0.313416334161677
9,0.9026066286083461,0.9547863479108607,1.0295416280580545,0.998961810349416,0.9309465028907417,0.9558480181983081,0.9588264151279111,0.9340534277200115,0.8898507045476657,0.9489519230598864,1.0045608954799632,-0.0215648400440481,-0.1921419612833168,-0.48805897482367316,-0.6283720234924401,-0.13420023425075558,-0.2981770649417446,-0.4236647385237993,-0.6101421889535042,-0.7821558648436849,-0.6980537855099804,-0.5770176725985716,-0.8810417885643013,-0.7626443866275487,-0.5414826532343864,-0.37058978685697985,-0.796746268639986,-0.657670953256558,-0.5351616766041113,-0.323911238766509,-0.10769483970398153,-0.2508981375499051,-0.42754322288138996
10,0.31828730501528757,0.47053428821270565,0.7293941076241164,0.8300989785687428,0.4167796203143789,0.5547039202117856,0.6548879469141884,0.7940197939572052,0.9152380285223758,0.8684875608155966,0.7913770225338044,0.6892164791292308,0.5387023966635248,0.26511963658220716,0.08321069335863153,0.5849932899637591,0.42033687441697637,0.2816198209676885,0.0524023292366166,-0.17591709514435347,-0.03465618814827019,0.14536469624594836,-1.0075037841445145,-1.0092366848762289,-0.9945137442063309,-0.913309671927375,-1.0017729102781352,-0.9750407946287599,-0.9365077678818768,-0.8464221231938186,-0.739320933378021,-0.8338313726673274,-0.9367417187797588
11,-0.43856050258344326,-0.2687770296530786,0.033871488967181486,0.21126884036613602,-0.32330702871432526,-0.14712358812456539,-0.004038586822589964,0.2235815983599758,0.44451146707925004,0.3172488795027406,0.14921719743286854,1.0263968875913556,0.9775358807105383,0.8745887110004646,0.7496936725257096,0.9870815405603195,0.9110007910489102,0.8342480364715615,0.6865401821733044,0.5256818281812283,0.6475310403716694,0.7889541776934105,-0.5878363850079157,-0.7087588510574567,-0.9084601999676462,-0.9609625128918478,-0.663774511845995,-0.7638772029243456,-0.8302094496489715,-0.9101217805332803,-0.9701932952604785,-0.9647799198744103,-0.9381713751262785
12,-0.9576805401217495,-0.8623934223561653,-0.6800139797178295,-0.5220861846782858,-0.8881390891781807,-0.769199985684559,-0.6607763267325734,-0.46805313832614526,-0.26717134966867156,-0.4059621033745734,-0.5738308943722075,0.8072124652518885,0.8864845138419548,1.0099836247880385,1.0097973636941155,0.8541162569142152,0.9078480519737621,0.9346637279214048,0.9485322334794402,0.9423313711576747,0.9787201022438216,1.00488980779667,0.15046807486985786,-0.024091091485790618,-0.3299696450702045,-0.48771117901582794,0.03402283226396285,-0.13864806628920387,-0.27388740118883187,-0.4804790951532947,-0.6751600214890013,-0.5727579988692458,-0.4310589134244602
13,-0.9576828122555775,-0.9885382961178348,-1.025291933705403,-0.9724342035809438,-0.9715475586976892,-0.9743231522811931,-0.9593339048372046,-0.9059759812853954,-0.8340314977777498,-0.9091153078770584,-0.9858273963417447,0.15047201048626707,0.31490385943267163,0.5979040909073906,0.7225219300331316,0.2581708165414429,0.4125865296745376,0.5284339129176461,0.6963603566136576,0.8481752712717776,0.7793774917415546,0.676110383790218,0.8072108017693109,0.6736344366851621,0.4273878427980087,0.24991227354781184,0.7133767421562449,0.5617366226066544,0.43089999191955697,0.20961562467173836,-0.0141437734940295,0.12973781613550123,0.30971701255152495
14,-0.4385626738108207,-0.5788342709937744,-0.8147948333599002,-0.8956560606975115,-0.5283192698074826,-0.6513030818547973,-0.7378721216282713,-0.852801357195867,-0.9487898348812642,-0.9194659705774206,-0.8634399962083004,-0.5878396045754528,-0.42737493047248903,-0.13828393816478923,0.043592246047792334,-0.47772503480956424,-0.3063253603956698,-0.16424219876635981,0.06671555542864661,0.29425108751801865,0.15755828811785227,-0.019171773721469065,1.0264022783862694,1.0062092014662631,0.9530787715246916,0.852063814649717,1.0060443046170433,0.9576284422504638,0.9021143203946287,0.7860858017672194,0.6545387473632448,0.7619076824595687,0.8826117699297689
15,0.31829012293817,0.14463419302400696,-0.162623635436869,-0.3333770484977949,0.20129440150339353,0.024765739125760623,-0.11643537378352808,-0.33735242172341495,-0.5492419523210604,-0.4314066321968102,-0.2730105954499422,-1.0075085912866815,-0.9379904211929295,-0.7995135735061327,-0.6589626548202865,-0.9546679159638548,-0.8591914307108387,-0.7678894456312576,-0.599093099891634,-0.4191739646819993,-0.5496652764435874,-0.7040613099104545,0.6892184683485123,0.7933562281689244,0.9621372089430005,0.9923397033180835,0.7533735144604629,0.8344256915850801,0.8843248194147875,0.9364455216150472,0.9684159170030588,0.9810719086403983,0.9770719053603949
16,0.9026101505928672,0.7897027315978633,0.5776975290111275,0.40960956638694634,0.8217957838980544,0.6874109028937314,0.568116384008109,0.3609616956108429,0.14802675449508984,0.2904990783761886,0.46540499211887965,-0.8810389351060233,-0.940155988162953,-1.0273490808521206,-1.0043169678709147,-0.9141154008039143,-0.9463196528919829,-0.9552907159242405,-0.9401543006783989,-0.9053774725124605,-0.9589319044922507,-1.0072973475338067,-0.02157121548683927,0.15045325656509365,0.4496515518409948,0.5947074014839734,0.09231961690586152,0.2589087499982559,0.38717433191613326,0.5791926050675583,0.7573507180173703,0.6684328261160611,0.5418923554149285
17,0.9976535849469826,1.0067032046032374,1.0048658341685062,0.9305645087301987,0.9968281537249322,0.977434896799269,0.9447120482570076,0.863610899906479,0.7650545739095788,0.8549357190830698,0.9515386542540258,-0.27698688949681577,-0.4326971937346024,-0.6982950765815426,-0.8052728514444281,-0.37805000571956315,-0.5204814033853673,-0.624863944543638,-0.7715939704256769,-0.9008119402726099,-0.8483997485909771,-0.7645140959943704,-0.7206666954501665,-0.5740060108686325,-0.30657075758696295,-0.12529165728576833,-0.6187781480053678,-0.45695349341390123,-0.31984810371336886,-0.09201692948080087,0.1357573663630319,-0.0065359704920919,-0.18702455825965533
18,0.5519047510478893,0.6780066365981748,0.8873355259318033,0.9470996964648528,0.631514644735594,0.7376270812114287,0.8092149111791704,0.8981305021385886,0.9673784699411153,0.9559475224732219,0.9218812672565647,0.47720475086043634,0.3093107501899876,0.009272530016630713,-0.16972184012157882,0.36293798267953153,0.18748870867629908,0.04427694431823566,-0.1847829093096789,-0.4079531374256612,-0.2779858677921014,-0.10732327869469374,-1.0291095019083243,-0.9873173867881633,-0.8966080559484315,-0.7773778563432745,-0.9944526274151253,-0.9251157898877267,-0.8534918554974047,-0.7133475928289083,-0.5594253325154532,-0.6779616546811199,-0.8145579885618706
19,-0.19300694839703994,-0.01821237502948028,0.288818616831799,0.45024640362658913,-0.07611576871280273,0.09798053431750077,0.23507382400688806,0.44580825645752997,0.6453244549076532,0.538777539338443,0.39251091514382397,0.9727185852706007,0.8836522494802601,0.7118124193146728,0.5578323700996933,0.9071869851216557,0.793826658935974,0.6894166943797773,0.5021931354516682,0.3060433662079226,0.4431149239184059,0.6080419892022398,-0.779711636873561,-0.8654398744507769,-1.0006310361464714,-1.0080787737262829,-0.8310712164088523,-0.8918071932534749,-0.9244905183866643,-0.9480013919091975,-0.9513678211155755,-0.98189246325685,-1.0005529043460608
20,-0.8332968470358034,-0.7045584244400165,-0.46625783787876485,-0.29067176727954724,-0.74248531094762,-0.5947770341175286,-0.4664925709477176,-0.24817155133940338,-0.02653862880925274,-0.17044637183156086,-0.3496268888227261,0.9409631921902017,0.9789984447974812,1.0285119730378112,0.9830066793222506,0.9596884506496478,0.9698623105881069,0.9608506158108843,0.9169503384157117,0.8541474744163536,0.9240223821202389,0.993816970451886,-0.10766634515439848,-0.27444002035747883,-0.5622541351590489,-0.6923349120427089,-0.21720313970202323,-0.37508527647058193,-0.4943580448631673,-0.6687787870763112,-0.8276088456071012,-0.7535760102886798,-0.6441900816291605
21,-1.0218928759451653,-1.0089889804396337,-0.9685983897782745,-0.8740251333832035,-1.0063856403172633,-0.9651293494285559,-0.9151917011816343,-0.8076273369417266,-0.6840170366918292,-0.7872782759920567,-0.9022491283448237,0.39915033667028255,0.5436664166766224,0.7876957371671985,0.8753252611281982,0.49198312791542415,0.6201730801609598,0.7114432041716908,0.8346611156368384,0.9392474587568854,0.9040494273397252,0.8408824888062151,0.6227425392748775,0.46532256376300724,0.18090265261107324,-0.00130012774499299,0.514402512401835,0.34495626926759404,0.20374849700994246,-0.027033778695111893,-0.25523042206505614,-0.11677115134766866,0.06136663953860582
22,-0.6565598820706636,-0.7664846683119291,-0.9458962345785774,-0.9835976297300547,-0.7247637564844511,-0.8123214461057904,-0.8677988680839333,-0.9292962941188496,-0.9707117018759697,-0.9773523059069124,-0.9657935519298808,-0.3590312787128859,-0.18636660375666025,0.11989318707709107,0.293161246291558,-0.24241155361928451,-0.06569028936994514,0.07638772318310617,0.2999311672271296,0.5152130514487707,0.39402114526640425,0.23213071800760954,1.0155911607835488,0.9528512720685878,0.8260030475014866,0.690436383438497,0.9671753101037355,0.8780117354757337,0.7914111449008251,0.6293651268917211,0.4554986504271988,0.5833311606405077,0.7336628339222729
23,0.06467399674798065,-0.1084979542444053,-0.41045328317760194,-0.559999202503586,-0.05027051907683805,-0.21918300512171907,-0.35000360322654367,-0.547227290079403,-0.7312178297330667,-0.6376380312379918,-0.5058118691790698,-0.9225981681504771,-0.8153777885279443,-0.6129009871815966,-0.4479117587029001,-0.845407645920942,-0.7159468071633452,-0.6000748184670963,-0.3973792493477448,-0.18809785731871928,-0.32959067357086047,-0.5024527754482423,0.8579241714024926,0.9238757427723489,1.023354270359199,1.0079109612064863,0.8956781649977795,0.9351298122850642,0.9500784216936397,0.9446065394271533,0.9193156870517855,0.9672287048088534,1.0082646446273107
24,0.7508505409426045,0.6083022324464894,0.347480026602219,0.16715136224346785,0.6514737991489282,0.49276694672647986,0.3575151053992918,0.13147168490548244,-0.09536043359079524,0.04771388845363714,0.22835057039569484,-0.9860543987024123,-1.0024038804626292,-1.013458149985435,-0.9461884960290621,-0.9901358704069075,-0.9781142904181571,-0.9512583711028908,-0.8792838355577124,-0.7894458229590667,-0.8745413538774278,-0.9646695520727006,0.2352038577598064,0.3941016480161369,0.6659781233832124,0.7790371337855946,0.3386620712579792,0.4853473436916738,0.5937432657035981,0.7478121506522288,0.8848062565498619,0.82682746542379,0.7363189816770047
25,1.0300143154658208,0.995365416409432,0.9170519202183155,0.8036974462553222,1.0000744699555213,0.9376054785737886,0.8712377494298535,0.7389044118662471,0.5921874078731023,0.7072009332157458,0.8387279801680884,-0.5150041674567909,-0.6460641264434678,-0.8646546369429576,-0.9315753649883716,-0.5981444127497305,-0.710081560682737,-0.7868005775808692,-0.8845630719664757,-0.9628668277297903,-0.9454373937076346,-0.9039724659401853,-0.515010148009028,-0.34930128996596116,-0.05239728327535889,0.12787791873304793,-0.4019300572057906,-0.22752391789105186,-0.08443717184898504,0.1456586601002251,0.37067941985668723,0.2382364604918876,0.06524448577209688
26,0.7508452449344994,0.842877770600828,0.9895251918447535,1.0045923966961723,0.8065707124918984,0.874202832839597,0.9126956694211136,0.9458066197954773,0.9587355012207777,0.9833434086371329,0.9944634710775541,0.23520703847704633,0.06048358857914166,-0.24715923040394988,-0.4119906231450592,0.1180758529908008,-0.05714103627654879,-0.1958483404526517,-0.4103553551988938,-0.6143563118733988,-0.5038500035461881,-0.35327078559880115,-0.9860522834115465,-0.9033613591799684,-0.7423659614408071,-0.5926017735511153,-0.9246465654826999,-0.8170617965630498,-0.7168473289684637,-0.535451264596585,-0.34437918934737993,-0.47949340509094907,-0.6411926854787579
27,0.06467490174660825,0.23349676210044576,0.525619340135312,0.6609339212551247,0.1758587403473211,0.3369283362316079,0.45941573686731335,0.6400228566638313,0.8055899674379771,0.7264534834934594,0.6111426083675652,0.857919319779238,0.7342451839732353,0.5043098345720446,0.3309213374087215,0.7702887047149565,0.6267726389822034,0.5012663419188256,0.2862918758658129,0.06717531528048847,0.2108562768553753,0.3889232925447205,-0.9225942215258466,-0.967741946073679,-1.0299291747073585,-0.9918552586638493,-0.9461474450622783,-0.9637009752138131,-0.9606820787861393,-0.9263147325296436,-0.8727652827184681,-0.9373097603488358,-1.0000659009122885
28,-0.6565537078965171,-0.5024536213553964,-0.22320595905030777,-0.04099460378161916,-0.5501789177614439,-0.3829822921772193,-0.24289715228483558,-0.012695298159924907,0.21576149929257865,0.07577806182292476,-0.1034564819333208,1.0155899266886896,1.0099987287720562,0.9824169168309888,0.8944523981367156,1.0049603256741098,0.9709368960371462,0.9266638016073521,0.8277520814904489,0.7122954463989282,0.8112668885176225,0.9203013952530628,-0.35903621879217484,-0.5075451074166596,-0.7592109577806817,-0.8534577943550943,-0.45478140791266825,-0.5879546038599277,-0.6837666493225175,-0.8150567833305222,-0.9280569456915067,-0.8870449503405456,-0.816844913319743
29,-1.021893505187659,-0.9660415092251343,-0.8510449620776832,-0.7206993486144374,-0.977988925949838,-0.8952931857602756,-0.8135448053036972,-0.6585321313291097,-0.49102405889425754,-0.6159747795035283,-0.7619803524607645,0.6227496811720235,0.7382692590687487,0.9279948926610246,0.9731302809069386,0.6948836130639628,0.7887928386181869,0.8497505722208406,0.9205169354944924,0.9713043143749397,0.9719181322139547,0.9528206223993541,0.39914382401563797,0.2277722501563875,-0.07694993058334117,-0.2524309322924983,0.28310531288587687,0.1065003471420878,-0.036205766917142036,-0.26198480416538455,-0.48028025548068115,-0.3559433527104243,-0.1908402699385883
30,-0.8333030114442139,-0.9059744699878857,-1.017563057512222,-1.0097367133096296,-0.8756684258996404,-0.9222989718391632,-0.9431992112112572,-0.9474012118729321,-0.9316408599926453,-0.9738281647023243,-1.007461969959641,-0.10766343123402752,0.06635221691510934,0.37053623567851884,0.5243098255164964,0.008133495626225687,0.17907265740732403,0.3122183964705753,0.5143021244158954,0.7038025608551568,0.6057259424511025,0.4688463060220564,0.9409664426782431,0.8396222530727775,0.6470268218337037,0.485426887793133,0.8675349302734164,0.7432263144318418,0.6309808147406837,0.43309908745703707,0.22783829913748935,0.36810222225122247,0.5386156639375853
31,-0.1930061573359463,-0.35481328400633416,-0.6324921884310766,-0.7514346208677251,-0.29867706859434584,-0.4493601035497606,-0.561580235261021,-0.722718888831455,-0.8672487199443777,-0.8038041299353997,-0.7068305017500088,-0.7797179010592835,-0.6415320217316449,-0.38777860392027613,-0.20871727657260322,-0.6830280260429021,-0.527716820236988,-0.3945552781338898,-0.1706957078411115,0.05479695898247532,-0.08880729660960263,-0.26927483028734084,0.9727240583952298,0.996345305737979,1.0202707923513528,0.9601518974403307,0.981705094637249,0.977076923786749,0.9561355133949121,0.8934145966725682,0.8124517609619046,0.892611426545004,0.9761053320373526
32,0.5519117319537419,0.3886794496481026,0.09542878310235246,-0.08580981542732741,0.4402166432829903,0.26716019856189466,0.12444964481520955,-0.10627924079190174,-0.3327557346914248,-0.198069586285171,-0.023052578672609018,-1.0291123936126376,-1.0016669954797588,-0.9358877477303362,-0.8286073669092386,-1.0039423979739819,-0.9484503097119226,-0.8874549421083855,-0.7631649037535984,-0.6239104391391422,-0.7351999401392872,-0.8614276723506117,0.47720066165889463,0.6129875458316573,0.8404589646279829,0.9144171823365655,0.5637257546909911,0.6812901111500294,0.7630052972931768,0.8694441445455022,0.956666173830567,0.93326952642446,0.88448025102322
33,0.9976549749423804,0.9214848537004594,0.7716161195338826,0.6263312266022134,0.9404819807876619,0.8388625249730376,0.7430201005576337,0.5677703022673319,0.3821110453870726,0.5150301262378172,0.6732166650661543,-0.7206614105917023,-0.818836167524403,-0.9766843501487797,-0.9993434596439227,-0.7806545067320892,-0.8550641912469937,-0.8992993660063532,-0.9419524926508882,-0.9644213440164269,-0.9830694418088187,-0.9866302101084348,-0.2769935643506814,-0.10264868617606099,0.20506823061489507,0.3730122330417075,-0.15982747405557518,0.01620166627395109,0.15627926544871612,0.37418219038355455,0.5823102986293535,0.46803931557099915,0.3134135450422799
34,0.9026071059341224,0.9547875383756954,1.0295399368972282,0.9989636329504132,0.9309468180054625,0.955848965063126,0.9588280797177499,0.9340545011650241,0.8898521281097206,0.9489529852679176,1.0045607820223728,-0.021569974432940377,-0.19214388352643413,-0.4880615141475985,-0.6283726102253877,-0.13420559895573933,-0.2981803131847734,-0.423667677269513,-0.6101439319812515,-0.7821574603812118,-0.6980556822761458,-0.5770216124261692,-0.8810371315011825,-0.7626436548492621,-0.5414784227496318,-0.3705910227250259,-0.7967412190497221,-0.6576686518783534,-0.5351604024482381,-0.3239105691837755,-0.10769466772851112,-0.2508973029917745,-0.42753916959620686
35,0.3182932108042011,0.4705343207785898,0.7293941009275092,0.830093118588923,0.4167834797583909,0.5547056939070903,0.6548909346541444,0.7940225410630286,0.9152379942469978,0.8684845227856138,0.791374902190634,0.6892126756550399,0.5387025999078695,0.2651191225250488,0.08321783706924277,0.5849892996573014,0.42033579422785206,0.2816193283390428,0.05240223125354587,-0.1759135274260718,-0.03465125781837998,0.14536639042295169,-1.0075058864592432,-1.009236920686458,-0.9945132234525615,-0.9133109556581673,-1.001772779415695,-0.9750414881349431,-0.9365102629931894,-0.846424772316574,-0.7393244668209277,-0.833833264967236,-0.9367412926135863
36,-0.43855634947338523,-0.2687778190372417,0.033870496858906314,0.2112579093789561,-0.3233024894767278,-0.14712320783947724,-0.004039339043494435,0.22357861278035224,0.4445047301297984,0.3172409658258831,0.14921410562170043,1.0264027639476385,0.9775370798289394,0.8745935329084494,0.7496977666911299,0.9870863643775956,0.9110038766071992,0.8342512707907435,0.6865438106012854,0.525688046845201,0.6475375359858859,0.7889606672273234,-0.5878464144742551,-0.7087592607916964,-0.908464029767357,-0.9609556760700874,-0.6637838749008691,-0.7638806687677211,-0.8302119317472484,-0.9101224233816367,-0.9701927769750013,-0.9647785018117705,-0.938174772849025
37,-0.9576845568383584,-0.8623942204154696,-0.6800180819030118,-0.5220904333726294,-0.8881414550155488,-0.7692024929100822,-0.6607799347759256,-0.46805908120627365,-0.2671787227905603,-0.40596809572815257,-0.5738345703381887,0.8072197252724479,0.886484361432586,1.0099855526099741,1.0097911333000302,0.8541226319829576,0.9078504384606969,0.9346654669663385,0.9485337679623147,0.9423314603907095,0.9787188395362705,1.0048907922534631,0.15046483156591084,-0.024090141017114344,-0.3299674707069606,-0.4877006999273991,0.034018823032590816,-0.1386479455506145,-0.2738855321904116,-0.480474686756041,-0.6751527376001487,-0.5727507438081179,-0.431056221915275
38,-0.9576868941163986,-0.9885389326180183,-1.025293122799238,-0.9724309711960925,-0.9715519507956238,-0.9743254431640255,-0.9593352993048683,-0.9059776891400574,-0.8340321599935959,-0.9091153178771694,-0.9858283118595762,0.1504696793098141,0.3149023453498744,0.5978970273136125,0.7225143747535473,0.2581680595912632,0.41258441193826495,0.5284317796957255,0.6963577525588989,0.8481699760286866,0.7793710800184611,0.6761026022417357,0.807217214806584,0.673636587268144,0.42739609548562607,0.2499165964425432,0.7133838912043606,0.5617410312257622,0.4309035196091447,0.2096199365811584,-0.01413781603508957,0.12974423785870742,0.30972570961784196
39,-0.4385593285385028,-0.57883477701072,-0.8147891451018404,-0.89565473008584,-0.5283170625705996,-0.6513026380125293,-0.7378710553927936,-0.8527996574015702,-0.9487873582844655,-0.9194642293920783,-0.8634361593927964,-0.5878452719132146,-0.4273762981599615,-0.13829149212676328,0.04359146138160908,-0.4777314071814361,-0.3063283223755744,-0.16424418775609054,0.0667133890758953,0.29424862608338037,0.1575558589627915,-0.019178243037320106,1.0264046004517158,1.0062110751706823,0.953080637228606,0.8520632687042322,1.006048469752035,0.9576309603881075,0.9021152431488858,0.786086268325675,0.6545387322010863,0.7619083704292888,0.8826144024301192
40,0.31829408772588963,0.1446342998817462,-0.1626184347451857,-0.3333791678724548,0.20129880993656346,0.02476661546943424,-0.11643556759225097,-0.337352455557767,-0.5492426992799504,-0.4314074994665687,-0.2730071637015267,-1.0075076220570434,-0.9379916797107363,-0.7995125442554816,-0.6589619946081263,-0.9546676986389767,-0.8591916971234169,-0.7678894067130712,-0.5990933178566684,-0.4191726190709558,-0.5496634062401182,-0.7040595147724031,0.6892135343311513,0.7933573798289889,0.962130979000668,0.9923411624805833,0.7533688887024118,0.8344250816539824,0.8843249743053215,0.9364457734144332,0.9684153183509072,0.9810709057066891,0.9770666784739293
41,0.9026089542357237,0.7897039082648901,0.5776968610131427,0.40961069142640605,0.8217952693310442,0.6874106255183823,0.5681156468108207,0.3609610721371531,0.14802545999160224,0.2904983117106215,0.4654045987385059,-0.8810366412494753,-0.9401575782229217,-1.0273454310602665,-1.0043193877080798,-0.9141128556045726,-0.9463197511985344,-0.9552917407443435,-0.9401555862024749,-0.9053779781431113,-0.9589317376018318,-1.0072942205371054,-0.02157231298624858,0.15045366995805756,0.4496485700471235,0.5947086962816677,0.0923175862735291,0.2589091256801561,0.38717609393352376,0.5791945140653214,0.7573525181515093,0.6684334258912078,0.5418896217985993
42,0.9976544085425156,1.0067043725557772,1.0048651376022568,0.9305671717526448,0.99682769617308,0.9774354154498598,0.9447136632346875,0.8636126209318274,0.7650566389211415,0.8549370297986995,0.9515381751701785,-0.2769917702025422,-0.432698075569253,-0.6982972916979807,-0.8052718216007284,-0.37805426522042707,-0.5204836400469889,-0.6248663472110778,-0.7715952275600912,-0.9008131366473857,-0.8484002101028079,-0.7645162055736742,-0.7206626383399738,-0.574006296986523,-0.30656784590427844,-0.1252953501519171,-0.6187734309526531,-0.45695177540287013,-0.31984731602360905,-0.09201739337173273,0.13575649772624562,-0.006536819695892352,-0.18702196959650305
43,0.5519119919203295,0.678006418484172,0.8873388119085703,0.9470953034307231,0.6315200744166235,0.7376288617487888,0.8092170180666112,0.8981313899091898,0.9673790199355816,0.9559463493396541,0.9218828682911946,0.47719955610562187,0.3093113924186747,0.009269775985050578,-0.16971414182949002,0.3629323517020674,0.1874875908212009,0.04427705104079672,-0.18478019864150638,-0.40794912298790764,-0.27798153015010246,-0.10732469860515712,-1.029111548025954,-0.9873178109028496,-0.8966085878936215,-0.7773811616012325,-0.9944524261186934,-0.9251164525699928,-0.8534940691074083,-0.7133511912676809,-0.5594298969476735,-0.6779648191895523,-0.8145581696860383
44,-0.19300246721923367,-0.018213664601911813,0.28881875650824373,0.45023631385149027,-0.07611147919089906,0.09798039059432223,0.23507253259845964,0.4458045326929887,0.6453184825342488,0.538770753460508,0.3925091289391741,0.9727223971115287,0.8836532536471844,0.7118166158306052,0.5578379208854417,0.9071897151392387,0.7938290909058802,0.6894196943233045,0.5021978448040416,0.30605028419963953,0.4431216920516033,0.6080471097442673,-0.7797199298922963,-0.8654395890452701,-1.0006353723388481,-1.0080742347369325,-0.8310782359483414,-0.8918094815002017,-0.9244922269217651,-0.9480023774970326,-0.9513687667338894,-0.9818924455121124,-1.0005562386834417
45,-0.833300571851446,-0.7045595238860938,-0.46626388377557754,-0.2906772758378558,-0.7424886435822108,-0.5947798732089877,-0.4664957489740553,-0.24817631346054378,-0.02654578874351223,-0.17045333989967798,-0.3496333846345423,0.9409693414894412,0.9789986969710169,1.0285158653293702,0.9830040910810778,0.9596943085989116,0.9698648148556238,0.9608522092464472,0.9169513699658726,0.8541492064706226,0.924023940975762,0.9938209453191629,-0.10766876963799951,-0.2744391730849263,-0.562251981553791,-0.692326815243225,-0.2172056650167061,-0.3750849416466381,-0.4943564602723943,-0.6687750565053332,-0.8276034177271119,-0.7535706010760861,-0.6441875606846221
46,-1.0218960456094008,-1.0089900481622756,-0.9686010508060996,-0.8740243524725384,-1.006389617197627,-0.9651316592917126,-0.9151930026355417,-0.8076285520630232,-0.6840185634018846,-0.7872798785680181,-0.9022522297778071,0.39914856761576434,0.5436664169464226,0.7876899731807645,0.8753211002651701,0.4919815072777202,0.6201724546981493,0.7114422492961932,0.8346590435910494,0.9392441593795061,0.9040458767734817,0.8408772794255376,0.6227474779936331,0.4653236312158503,0.18091107762533246,-0.0012967477926352942,0.5144081099199027,0.34495920459356244,0.20375075333934736,-0.02703049152802902,-0.25522559597762345,-0.1167659982054651,0.06137495035226809
47,-0.6565565006366118,-0.766486218269606,-0.9458901408486332,-0.9835977348413859,-0.7247613316559122,-0.812321682994368,-0.8677989365447742,-0.929296042113089,-0.9707104032872619,-0.9773511122909023,-0.9657891395209139,-0.3590361386632884,-0.18636669446168566,0.1198845061362544,0.29316112355471075,-0.24241707192961715,-0.06569186302879976,0.07638720488830082,0.2999306928046883,0.5152115832417741,0.39401906123362634,0.23212296720639153,1.015592639299893,0.9528529127312877,0.8260056347123615,0.6904366112866661,0.9671784035855258,0.8780135460231624,0.7914117316564685,0.6293653493083945,0.4554988200454863,0.5833320510572665,0.7336661723145071
48,0.06467665934569465,-0.10849889544571183,-0.4104476202043035,-0.5600009776380697,-0.05026754250170167,-0.21918324180957635,-0.35000481319030863,-0.5472286177182203,-0.7312187216485049,-0.6376383452509639,-0.5058075677022372,-0.9225974360513607,-0.8153788242853992,-0.6129015038073622,-0.44791194324279077,-0.8454077455509112,-0.7159468531109804,-0.6000744579818545,-0.39737854758828345,-0.18809683685359713,-0.3295898212149871,-0.5024531555564694,0.8579207767056667,0.9238777197311068,1.023349124011668,1.0079129208808597,0.8956752880526123,0.9351300949205547,0.9500792711721632,0.944607165306497,0.9193155585020996,0.9672281664659492,1.0082607232587093
49,0.7508483188673035,0.6083029671355833,0.34747884903821236,0.16715332157912174,0.6514718969465486,0.49276616516989463,0.35751435350377797,0.1314713841159277,-0.09536087781611535,0.04771376802433714,0.22834953281540427,-0.9860528827797606,-1.0024053768994565,-1.0134548031487494,-0.9461907819963695,-0.9901338789354531,-0.978114457740112,-0.9512595873787373,-0.8792853902000454,-0.7894468005312084,-0.8745412414876123,-0.964666385176699,0.23520456391245964,0.3941024097638715,0.665975954110538,0.779037460417247,0.33866198198890757,0.4853482925702165,0.5937452338749598,0.747814006084122,0.8848076783473233,0.8268274734632741,0.7363168523612966
50,1.0300149388663657,0.9953663130588537,0.9170511203826551,0.8037007474485339,1.0000738346379392,0.9376059882006273,0.8712394529474288,0.7389071016371787,0.5921904626019757,0.7072029709075026,0.838727184251553,-0.5150091521490208,-0.6460641625951735,-0.8646566585094476,-0.9315733032761796,-0.5981482250442761,-0.7100830001945969,-0.7868024224736062,-0.8845646468336793,-0.9628679703124652,-0.9454371165688716,-0.9039736226125137,-0.5150057867173432,-0.3493021504636745,-0.05239446187320685,0.12787255582764837,-0.4019256095936593,-0.22752298800602533,-0.08443703047381941,0.14565754519651036,0.37067750771049063,0.23823414566137194,0.06524643836096107
51,0.7508520084733663,0.8428769485576597,0.9895291495043216,1.004588985074968,0.8065758243066845,0.8742042206916659,0.9126972244407048,0.945807898318686,0.9587369324027445,0.9833434887629225,0.9944661180648976,0.2352017921657178,0.06048508321914879,-0.24716212471158877,-0.4119822252670594,0.11807075019637189,-0.057141235323620844,-0.19584742610257874,-0.4103524199402497,-0.6143520397258935,-0.5038453863456211,-0.35327233628882543,-0.9860538006390818,-0.903362031776804,-0.7423670247927289,-0.5926067598079031,-0.9246465745030544,-0.8170629853680396,-0.7168497983381231,-0.535455478378433,-0.3443848926768464,-0.4794981024172949,-0.6411937817760687
52,0.06467873120553422,0.2334950497903315,0.5256195903597909,0.6609250590392427,0.17586214532397104,0.3369277963706227,0.4594142146695718,0.6400193535053346,0.8055850576802897,0.7264481349951859,0.6111416646144243,0.857921945114118,0.7342463236732367,0.5043140942395233,0.3309278126435149,0.7702907342324304,0.6267750630662601,0.5012693526745284,0.2862970877596006,0.06718257464125584,0.21086329452781202,0.3889281455512714,-0.9226006763196494,-0.9677413734635664,-1.0299336845993126,-0.9918528716827537,-0.9461528795563997,-0.9637028594368796,-0.9606835673440972,-0.9263164412649412,-0.8727676323215416,-0.937311429522995,-1.000069810165692
53,-0.6565571391970932,-0.5024546454493919,-0.22321322708500266,-0.041000064871516737,-0.550182404001355,-0.3829848511908261,-0.24289975593731125,-0.012699647561207339,0.21575510065298656,0.07577151434127803,-0.10346393047536086,1.0155945185054243,1.0099991461868236,0.9824215960982687,0.8944520939857664,1.0049650921818472,0.9709392295157868,0.9266652740478208,0.8277539549392465,0.7122982108693794,0.8112699098153092,0.920306579700854,-0.3590373793083341,-0.507544500737432,-0.7592083690132695,-0.8534520291142483,-0.45478268818049394,-0.5879543783249629,-0.6837655181105096,-0.8150543073780415,-0.9280533115223645,-0.8870414241565849,-0.8168426492254939
54,-1.0218959314580032,-0.9660426309721993,-0.8510491322106627,-0.7206999763651375,-0.9779923513864173,-0.8952951306860915,-0.813545777799159,-0.6585333121030497,-0.4910258576699163,-0.615977124377902,-0.7619851506643318,0.6227477774982249,0.7382702381169137,0.9279899307325089,0.9731286102428097,0.6948823780410679,0.7887931120354255,0.8497504557703297,0.9205159903894072,0.9713025681225498,0.9719165466463806,0.9528171071795558,0.3991481539597738,0.2277723928552794,-0.0769407985218527,-0.2524286338776777,0.28310997334534743,0.10650201865066138,-0.0362046779711752,-0.261982678286354,-0.4802767104526353,-0.3559394222684829,-0.19083195651522777
55,-0.8333000582603874,-0.9059766460908193,-1.0175578758106218,-1.0097379381201028,-0.8756664553736332,-0.9222996832063602,-0.9431999148493,-0.9474015165349121,-0.9316403916471915,-0.9738276457483085,-1.007458468878555,-0.10766731340490585,0.0663532541088569,0.3705275257870911,0.5243103941803533,0.00812940578528522,0.17907245773281022,0.3122191083382331,0.5143023900454974,0.7038019678085817,0.605724539167268,0.4688389047699104,0.9409673716652897,0.839623391981957,0.6470303500235297,0.4854275439397413,0.8675370495883444,0.7432272254735459,0.6309808065110623,0.43309912648941595,0.22783842383860547,0.3681031065810349,0.538619564108642
56,-0.19300484765425008,-0.3548147817798461,-0.6324869107948576,-0.7514358600542309,-0.2986755427157485,-0.4493610565436809,-0.5615820573829797,-0.7227204951346526,-0.8672497022689205,-0.8038040017230982,-0.7068262079083752,-0.7797169036615175,-0.6415326606776228,-0.3877799749393501,-0.20871835916882006,-0.6830276158954647,-0.5277163836518394,-0.39455453852207634,-0.17069509062156857,0.05479755351794699,-0.08880726988711622,-0.26927618740334525,0.9727217513157672,0.99634744245747,1.0202668857342025,0.9601542192230461,0.9817031586112127,0.9770774401955205,0.9561365959050546,0.8934155857562147,0.8124521487509699,0.8926112716102096,0.9761023953117164
57,0.5519087282124148,0.3886801954361489,0.09542751313834799,-0.08580639697247859,0.4402139232014457,0.2671594187549349,0.12444909966973827,-0.10627906939757088,-0.33275519821715444,-0.19806849262514817,-0.0230534500301322,-1.0291115109140105,-1.0016684097439656,-0.9358853090717224,-0.8286103296194494,-1.0039409062164686,-0.9484506413298297,-0.8874563460527212,-0.7631667623028199,-0.6239123128322213,-0.7352007224589828,-0.8614252927244268,0.4772027827015995,0.6129882143078185,0.8404577959333782,0.9144167265919315,0.5637269830150251,0.6812912225748956,0.7630072463829837,0.8694458317003835,0.9566675110493745,0.9332692150841296,0.8844787427545622
58,0.9976553797368231,0.9214859039323074,0.7716155930625614,0.6263359055898927,0.9404813386656393,0.8388634204251275,0.7430221915178409,0.5677737021454791,0.3821153912980464,0.5150334866779992,0.6732161867713828,-0.7206665419767564,-0.8188357004731159,-0.9766867011141632,-0.9993413849196424,-0.7806581979565245,-0.855065310788477,-0.8993009854559672,-0.9419540775164981,-0.9644230170568433,-0.9830694636405184,-0.9866313687907964,-0.2769888377600687,-0.10265020345918924,0.20507110805160633,0.3730054793297527,-0.1598231407091157,0.016201890363351547,0.15627879393812735,0.3741803753710213,0.5823076257587984,0.46803597696251964,0.31341518201941737
59,0.9026131005081023,0.9547866143104516,1.029544184544968,0.998961760307766,0.930951386355297,0.9558503372018088,0.9588295919466644,0.9340564137121635,0.8898547857276717,0.9489545228282753,1.004564029377985,-0.021574839259976976,-0.19214173499510162,-0.48806402919960973,-0.6283641638762858,-0.13420985867630728,-0.2981798279141449,-0.42366628472843076,-0.6101410269694368,-0.7821534566698655,-0.6980512225671628,-0.5770227918214091,-0.8810382612481211,-0.762644879315344,-0.5414801553453569,-0.37059759643147794,-0.7967415276789843,-0.6576705092876595,-0.5351633072182286,-0.32391538674271836,-0.10770132905780301,-0.2509033002611093,-0.4275412375565755
60,0.31829610015005144,0.4705326261089855,0.7293940800120866,0.8300860480071253,0.4167859400116783,0.5547051139350475,0.6548895352881692,0.7940199051753549,0.9152344376928321,0.8684808003168364,0.791374397946792,0.6892148920778881,0.5387040045581502,0.2651241371846524,0.08322470342315978,0.5849913851049704,0.4203383483214418,0.28162234013808635,0.05240723365718244,-0.17590639002484684,-0.03464426977306156,0.14537175309462752,-1.0075109922279346,-1.0092366306671345,-0.9945182171967378,-0.9133107514302831,-1.001777325116644,-0.9750434622564869,-0.9365118754262526,-0.8464271388325337,-0.7393280476679804,-0.8338365305437716,-0.9367461510414149
61,-0.4385597417394993,-0.2687784819730443,0.033862280689943146,0.21125333259334003,-0.32330603585900775,-0.14712522330889446,-0.0040412490479047,0.22357517960084047,0.44449945394366686,0.31723545289137306,0.14920629371302552,1.026406293946866,0.9775377160559827,0.8745991161579855,0.7496989918935196,0.9870904053380428,0.9110060374490841,0.8342526274319507,0.6865459621322617,0.5256913284987291,0.6475413189161298,0.7889668491791383,-0.5878465522073678,-0.7087592340829387,-0.9084613968479304,-0.9609523244868616,-0.6637843694790369,-0.76388081414019,-0.8302113783840467,-0.9101211417331021,-0.9701907824423947,-0.9647767718075037,-0.938173142892163
62,-0.9576864903328883,-0.8623950998120572,-0.6800235653661637,-0.5220916798590597,-0.8881443462800092,-0.7692038275716184,-0.6607803871803662,-0.4680600543016439,-0.2671803976495521,-0.4059705672865655,-0.5738404883273065,0.8072177123235215,0.8864860151371625,1.0099815504941034,1.009791300032284,0.8541215654635305,0.9078511852563619,0.9346658731783856,0.9485338027020536,0.9423308426000793,0.9787185218644082,1.004888617869422,0.15046877800936273,-0.024090915325104097,-0.32995798512794394,-0.48769962017322604,0.034022780816475064,-0.13864735768474215,-0.27388548599802176,-0.48047374840041146,-0.675150444950529,-0.5727479545778436,-0.431048129542118
63,-0.9576844648537406,-0.9885412706444541,-1.0252893336020135,-0.9724329766442037,-0.971550386929639,-0.9743262280618111,-0.9593362027120406,-0.9059784497106483,-0.834032307219608,-0.9091153492755034,-0.9858260270757707,0.15046683326453472,0.3149041636915646,0.5978889914275796,0.7225153904280031,0.2581652851147945,0.4125851402801252,0.5284332954807973,0.6963587451357627,0.8481700385744548,0.7793701542350798,0.6760960427439027,0.8072176315892039,0.6736371069528849,0.427400342174432,0.24991758621619695,0.713385101814841,0.5617410877816811,0.4309029072312395,0.2096197045748851,-0.014137731354849718,0.12974519504042095,0.30972998433186283
64,-0.4385593265942355,-0.5788363934757369,-0.8147849081846756,-0.8956554625882538,-0.5283167585802503,-0.651303900249082,-0.7378731339240696,-0.8528013949962298,-0.9487884951432708,-0.9194638834736724,-0.8634324946569131,-0.5878436228568207,-0.42737663109485674,-0.1382930335370327,0.043589324069698815,-0.477730174762254,-0.3063275263182266,-0.16424324024778336,0.06671373005671331,0.29424866119634835,0.15755502516761333,-0.019179875274159038,1.0264029494510536,1.0062130245705927,0.9530779417217048,0.8520661385185508,1.0060469333424995,0.9576314265673082,0.9021163741718491,0.7860876649395155,0.6545398339469188,0.7619088583060567,0.8826123699310681
65,0.31829030501861794,0.14463532600640075,-0.16261987930916363,-0.33337423300823127,0.20129548510789494,0.024766080145993827,-0.11643579131523749,-0.33735165867438255,-0.5492413274802009,-0.43140524222612286,-0.2730078219370799,-1.0075069288103111,-0.9379930870645656,-0.7995109425422999,-0.6589662064438685,-0.9546663919514748,-0.8591922745673393,-0.7678910768328489,-0.5990959157731721,-0.4191756967984933,-0.5496655552362084,-0.7040580275384755,0.6892166237916936,0.7933577610581651,0.9621308218514625,0.9923404394521026,0.7533709068435799,0.834426194421345,0.8843268681480851,0.9364475744475523,0.9684170242786919,0.9810707974623295,0.977065849475553
66,0.902609050513508,0.7897053857050478,0.577696867455694,0.4096170517306801,0.8217946977923721,0.6874121038746644,0.5681182516842515,0.3609653111650073,0.1480310834538574,0.2905031806484492,0.46540488836262284,-0.8810416819556072,-0.9401569558525315,-1.0273482635413922,-1.0043182130095836,-0.9141164576507065,-0.9463209255105135,-0.9552934385927168,-0.9401576543948116,-0.9053806964978165,-0.9589328561839047,-1.0072959061044384,-0.021567368557895778,0.15045157014748534,0.4496513960857004,0.5947011612789069,0.09232175985833979,0.25890882163585277,0.3871751869084682,0.5791923432298014,0.7573496130439598,0.6684296755354572,0.5418910177418186
67,0.9976595856962983,1.0067037897574798,1.0048697719180781,0.9305672316528139,0.996831856713953,0.9774371233958078,0.9447154704538004,0.8636153118833771,0.7650606473210135,0.8549401993574188,0.9515422152315485,-0.2769960159489862,-0.43269570722231887,-0.6982992958960043,-0.805264213675679,-0.37805773944349685,-0.5204829399222448,-0.6248649175042923,-0.7715927158817419,-0.9008099892348548,-0.8483966037396704,-0.7645171644251159,-0.7206635697473056,-0.5740080825351586,-0.30657047602206683,-0.1253030179771276,-0.6187741172704495,-0.4569541834735575,-0.31985055294950276,-0.09202259600163432,0.13574934191384458,-0.006543595617745169,-0.18702505080642834
68,0.5519139000317512,0.6780051735615897,0.8873385410509415,0.9470904221811061,0.631521789529249,0.737628603986109,0.8092160669065893,0.898129793454471,0.9673769992559953,0.9559443826434708,0.9218828307974853,0.47720181965706876,0.30931283289320366,0.009275859305456295,-0.1697076325225162,0.3629347423796867,0.18749004149816764,0.04427979288618746,-0.18477571578339183,-0.4079426582397063,-0.27797509741989246,-0.10731867113125024,-1.0291157196888188,-0.9873180064547921,-0.8966144003563925,-0.7773827896585864,-0.9944565319089343,-0.9251186454842744,-0.8534958597927732,-0.7133540776710756,-0.5594343410162849,-0.6779692852235758,-0.8145641596662312
69,-0.193005954717413,-0.01821370917755432,0.2888098690739424,0.45023309571909453,-0.07611498898940254,0.09797910619570037,0.2350714443557262,0.44580222629583743,0.6453145401962682,0.5387665375615931,0.39250132637947166,0.9727253244772315,0.8836539544624072,0.7118233301130641,0.5578399698634541,0.9071933259025279,0.7938309418511469,0.6894207799528282,0.502199876015729,0.30605360223353517,0.44312568828859894,0.6080542410488834,-0.7797193697598185,-0.8654402452848527,-1.000633199187008,-1.0080730655825445,-0.8310783369131252,-0.891810048046845,-0.9244922243085532,-0.9480021023115639,-0.9513681424298013,-0.9818922258501894,-1.0005555674283557
70,-0.8333021433121699,-0.7045599405378258,-0.46627038691057004,-0.2906786987829108,-0.7424909729484735,-0.594780470920906,-0.46649558428929555,-0.2481768480938752,-0.026547148807407016,-0.17045564762317164,-0.34963992000805616,0.940967397190574,0.9790006939158508,1.0285131417441864,0.9830055414419376,0.9596933820976261,0.9698657002808881,0.9608528601565102,0.916951972195381,0.8541493847168595,0.9240244342273279,0.9938200398687317,-0.10766525387840795,-0.2744407533780291,-0.5622427548336194,-0.6923268426590252,-0.21720240914915642,-0.37508522935998534,-0.49435727586721767,-0.6687751241015049,-0.8276022359094525,-0.7535687866041572,-0.6441801198606778
71,-1.0218940715683547,-1.0089922135709737,-0.9685987467256179,-0.8740270165350839,-1.0063882625373661,-0.9651322625215745,-0.9151938753122862,-0.8076296319274994,-0.6840193055815008,-0.7872804712849963,-0.90225109853339,0.3991467901152037,0.5436686042539051,0.7876831516225357,0.8753223017185603,0.4919798607961769,0.6201736749356006,0.7114442074697537,0.8346605370906367,0.939244749995129,0.9040452641088291,0.8408718213588483,0.6227472814531473,0.46532360931706446,0.18091559510307936,-0.001295285183480005,0.5144084017411854,0.3449585875859707,0.20374966784252885,-0.027030905163140204,-0.25522544441363093,-0.11676479282383441,0.06137927717453917
72,-0.6565576146384813,-0.7664876451119258,-0.9458872728908362,-0.9835982250365144,-0.7247619330494163,-0.812322995338226,-0.8678010721413567,-0.9292979847610353,-0.9707119312284918,-0.9773509207494787,-0.9657864257591887,-0.359033641595378,-0.18636698690762316,0.11988327494282124,0.29315778417755917,-0.24241498697024777,-0.06569096530129985,0.07638813705550587,0.2999307178456586,0.5152110378080551,0.3940173526063493,0.23212142827215,1.0155912562338565,0.9528546320195441,0.8260039979480124,0.690440440858954,0.9671769200196606,0.8780139606395233,0.7914129350858475,0.6293672669153735,0.45550089342043326,0.5833335681431256,0.7336649974870353
73,0.0646722079672178,-0.1084974413584078,-0.4104493305836191,-0.5599948832694139,-0.0502712684621227,-0.21918344917611007,-0.35000470900340297,-0.5472274073772218,-0.7312169012540266,-0.637635354519639,-0.505808144537948,-0.9225965999521258,-0.8153804344094717,-0.6129006231524629,-0.4479177995330938,-0.845406446632317,-0.7159478287448691,-0.600076526168853,-0.39738200114941996,-0.1881012382560259,-0.3295935620471995,-0.5024525809578264,0.8579243919849113,0.9238778757678806,1.0233499537360797,1.0079126828025053,0.8956777150944413,0.9351312779209789,0.9500812351722552,0.9446094085266389,0.919318139510049,0.9672289165668347,1.008260725495771
74,0.7508481363846452,0.6083049945828177,0.3474796181357277,0.16716120090347325,0.6514714889032059,0.49276823987918944,0.3575174323103064,0.13147631882334598,-0.09535430520637986,0.04771989369744366,0.22835082002769677,-0.9860575978315955,-1.0024049714231844,-1.0134582383501092,-0.9461912221175377,-0.990137384399338,-0.9781159946829704,-0.9512616222154797,-0.8792882929228178,-0.7894508854461271,-0.8745439595795304,-0.9646689564085521,0.2352094614469545,0.39409997684037107,0.6659786202143815,0.7790300212140643,0.3386658954961337,0.48534775480378306,0.5937441899051743,0.7478119740994703,0.8848051906525058,0.8268240658820862,0.7363181363808554
75,1.0300194005058574,0.9953663239656,0.9170564595804549,0.8037027740018505,1.0000777832997003,0.937608171468918,0.8712416537006469,0.7389105718890081,0.5921956533470992,0.7072076553099393,0.8387323131221106,-0.5150126406455318,-0.6460620474042209,-0.8646582657401918,-0.9315673431265376,-0.5981510568972781,-0.7100825199764202,-0.786801334580877,-0.8845629767894417,-0.9628661345236726,-0.9454349352407289,-0.9039747034989692,-0.5150067598603215,-0.349304276561375,-0.05239819384025749,0.1278645691246906,-0.40192672640241783,-0.2275256514924956,-0.08444031911976602,0.14565240490043993,0.37067048117657586,0.23822727993079285,0.0652423903768616
76,0.7508530786681096,0.8428764262999292,0.9895289925828527,1.0045864140252632,0.8065770690297432,0.8742044730957951,0.9126968665149787,0.9458073848053078,0.9587364170369144,0.9833432206521858,0.9944668168052226,0.23520432925026466,0.06048620018442813,-0.24715502567132575,-0.4119767971881815,0.11807343043825652,-0.057139209163962625,-0.19584525672121286,-0.41034881379781396,-0.6143467145558621,-0.5038400083849778,-0.35326586950618843,-0.9860574079183688,-0.9033626264843515,-0.7423739669115209,-0.5926096168370764,-0.9246504994679937,-0.8170652639318268,-0.7168516097937604,-0.5354585710074867,-0.3443897024810485,-0.4795032122672032,-0.641200947299031
77,0.06467520824081191,0.23349577337896193,0.5256105234054246,0.6609233698792715,0.17585884219633105,0.3369273111687896,0.45941398717738763,0.640018190736555,0.8055824913457691,0.7264452404104642,0.6111342826651841,0.8579245495346259,0.7342468235910606,0.5043219534298972,0.3309300865568558,0.7702940098115498,0.6267763983181895,0.5012699620165947,0.28629872634636505,0.06718554744972426,0.2108670879776323,0.3889360246144805,-0.9225997577754386,-0.9677425969700248,-1.02993247683532,-0.991853456436123,-0.9461528520078784,-0.9637037094869784,-0.9606839491939807,-0.92631691708292,-0.8727680387954904,-0.9373123283880941,-1.0000703072796628
78,-0.6565583098286313,-0.5024545030528871,-0.2232202893850256,-0.041001528570067274,-0.5501840755411089,-0.382984711575997,-0.24289897936718655,-0.012699718572716085,0.2157540866323292,0.07576940821637962,-0.10347061344384009,1.0155927679959247,1.0100011576868702,0.9824203481803992,0.8944544440109543,1.0049642521748379,0.9709399803490435,0.9266659308215984,0.8277548800683622,0.7122989770134158,0.8112709694230061,0.9203068673863466,-0.3590344581672942,-0.5075466546339826,-0.7592000587953739,-0.8534529154408869,-0.45478017663372955,-0.5879552687730463,-0.6837669514544128,-0.8150551614956463,-0.9280530636457436,-0.8870403776393844,-0.8168362539425055
79,-1.0218942206930048,-0.9660444789468919,-0.8510481481966947,-0.7207034258277838,-0.9779909820910107,-0.8952954836211383,-0.8135465652016093,-0.658534714450819,-0.4910273122630949,-0.6159784594383291,-0.7619849921738742,0.6227470371862821,0.738272431162274,0.927984694939003,0.9731299221415916,0.6948816429040107,0.788794492767737,0.8497525973016596,0.920517841849235,0.9713037115883872,0.9719162799532033,0.9528129150423025,0.3991471835067206,0.22777204778461274,-0.0769365467423137,-0.2524264963138111,0.28310933918699904,0.1065009908533976,-0.03620603210005281,-0.26198312739841856,-0.4802763993252946,-0.355937820514877,-0.19082792286843062
80,-0.8333019810866711,-0.9059777795617698,-1.0175564521727087,-1.0097386979961094,-0.8756676405235112,-0.9223009848914305,-0.9432020887573861,-0.9474038366081718,-0.9316426814184767,-0.9738281231777542,-1.00745686749165,-0.10766393470515223,0.06635274634297929,0.3705269131815773,0.5243059456574374,0.00813222301186486,0.17907324743379727,0.3122198822236989,0.5143021239143595,0.7038010291287434,0.6057221565872977,0.46883768126099756,0.9409659157918189,0.8396250332187869,0.6470295389911246,0.4854327523386667,0.8675354175116435,0.7432277374576307,0.6309822065336833,0.43310171269381,0.22784165228973027,0.3681059665904528,0.5386191862306474
81,-0.19300972865182342,-0.35481293565551175,-0.632488908516639,-0.7514293140468576,-0.29867945491036596,-0.44936102526153093,-0.5615817633480037,-0.7227192411101515,-0.8672480038435901,-0.8038009586079035,-0.7068268884363125,-0.7797157639867403,-0.6415346687449401,-0.38777977301449723,-0.2087259161354081,-0.6830262963521745,-0.5277178599539203,-0.39455706224535086,-0.17069933883725957,0.054791984515115334,-0.08881250576320025,-0.26927654097851494,0.9727254926385662,0.9963476044004536,1.020268681531134,0.9601552301822618,0.98170575126254,0.9770788852154493,0.9561388255933527,0.8934185799474094,0.8124560193284711,0.8926134643711005,0.9761034294148235
82,0.5519084179792988,0.3886826951620872,0.09542923431342606,-0.08579759140496478,0.4402137790550331,0.2671619200944719,0.1244524495505677,-0.10627383074127392,-0.33274825213210857,-0.19806170360588063,-0.0230511362879125,-1.0291157744453236,-1.0016685152168343,-0.9358895483669457,-0.8286127398041769,-1.0039443552415785,-0.9484527257415862,-0.8874588572904138,-0.7631705914462553,-0.6239177989995188,-0.7352051852704344,-0.8614290457466283,0.4772073564660281,0.6129858200547502,0.8404603140535241,0.9144103312091398,0.5637305761865457,0.6812908056471172,0.7630064077398476,0.8694444221875288,0.9566660511316268,0.9332668888763145,0.8844801820345423
83,0.9976593230042582,0.9214865187930551,0.7716220016361308,0.626339538173745,0.9404852445048897,0.8388659938964389,0.7430246728926644,0.5677776986114678,0.3821213460710716,0.5150392723971831,0.6732225999677984,-0.7206692537644765,-0.8188342197760258,-0.9766882424792243,-0.9993375963022721,-0.7806605766431122,-0.8550653485821125,-0.8993004844459902,-0.941953495127094,-0.9644227122620653,-0.9830690060396642,-0.9866329930669605,-0.27699006923977926,-0.10265229901702423,0.2050662408430959,0.3729980581285325,-0.15982466786177538,0.016199354685676168,0.1562758115533285,0.3741757965156247,0.5823013661909956,0.46802973364248485,0.313410393099164
84,0.902613582472731,0.954786861321488,1.0295446635465222,0.9989613097431356,0.9309524137109121,0.9558510787966021,0.9588297785137084,0.9340568497247836,0.8898555460670463,0.9489556944416899,1.004565770605134,-0.021571994319178684,-0.19214126275578045,-0.48805628190178685,-0.6283603257574162,-0.13420704845524037,-0.29817847715468754,-0.4236649035503661,-0.6101385552322971,-0.7821495566421476,-0.6980472130303014,-0.5770163204210814,-0.8810415881535294,-0.7626455985656815,-0.5414883816447474,-0.37060098398571656,-0.7967453652556541,-0.6576726016419362,-0.5351648749633424,-0.3239182944924847,-0.1077059894248955,-0.2509084814113918,-0.4275494501840725
85,0.3182927323925317,0.470534096235036,0.7293854778265073,0.8300858009542694,0.416783027493625,0.5547053461954174,0.6548900781626833,0.7940197879023232,0.9152331496265227,0.8684790906326194,0.7913678671371926,0.6892172569955802,0.5387040648747469,0.26513287332670704,0.08322681376269808,0.5849942643350615,0.4203390135334176,0.28162233031004785,0.052408291573814186,-0.175903989058069,-0.03464091045913686,0.14538001466901837,-1.0075099893881079,-1.0092381611097803,-0.9945183511532119,-0.9133126147169746,-1.0017772918286854,-0.9750443597288335,-0.9365124084727302,-0.8464280794761379,-0.7393291605684553,-0.8338381801734893,-0.9367478818062114
86,-0.4385603571857607,-0.2687778423491702,0.03385524182393493,0.2112517497834773,-0.3233069387580857,-0.1471244754395831,-0.0040399721094036166,0.22357548878054304,0.4444987282065861,0.31723345045118734,0.14919990391554563,1.026404731353393,0.9775394996434255,0.8745993096472187,0.7497020878803005,0.9870895309812775,0.9110064922586992,0.8342531485013869,0.6865471017338339,0.5256926195287328,0.6475429072897573,0.7889681645352621,-0.5878443741676407,-0.7087616572942506,-0.9084545514711487,-0.960953837663774,-0.6637825922232113,-0.7638820168191132,-0.83021317639198,-0.9101225905143728,-0.9701913477353166,-0.9647763577409413,-0.9381680684508015
87,-0.9576847819440312,-0.8623966755362547,-0.6800235855336217,-0.5220961966502929,-0.8881427709884155,-0.7692040197297215,-0.6607811634640103,-0.46806188681546734,-0.267182720896681,-0.4059728966600373,-0.5738410961527434,0.8072178657024847,0.8864879804857828,1.0099780632990076,1.0097929077083183,0.8541214955193768,0.9078525475969141,0.9346680708979602,0.9485360345686275,0.9423327199115,0.9787188507524738,1.0048857750086808,0.15046691624153843,-0.0240913049495307,-0.32995447776537956,-0.4876967110580278,0.03402127546903424,-0.13864852786719556,-0.27388690743395333,-0.48047414775315644,-0.6751499990148198,-0.57274595409244,-0.43104467885593073
88,-0.9576868321211318,-0.9885422039835814,-1.0252892923169474,-0.9724346576107081,-0.971551883102655,-0.9743276200931601,-0.9593385249654229,-0.9059813964687271,-0.8340357503776635,-0.9091170464799435,-0.9858256430946858,0.15047096592270823,0.31490330510578457,0.597889151196165,0.7225102545827974,0.2581686305820009,0.4125857443425177,0.5284338974827548,0.6963583792892102,0.848169103979847,0.7793675585843811,0.6760953054837588,0.8072158661984208,0.6736388988777927,0.42740014112077807,0.2499244030279046,0.7133832525206507,0.5617418757506397,0.43090462748266395,0.2096230171795129,-0.014133353602188958,0.12974948789555843,0.30973033761092156
89,-0.43856432477550267,-0.578834369598552,-0.8147872019099313,-0.8956493767570048,-0.5283206712293275,-0.6513038569313415,-0.73787289623557,-0.852800540206833,-0.9487875482009599,-0.9194615632234653,-0.8634335213863032,-0.5878421971948713,-0.42737910592035916,-0.1382935413872647,0.04358042485939021,-0.4777289053399241,-0.3063294733679765,-0.16424613925585582,0.06670894287345773,0.29424236133515796,0.1575487321219695,-0.019181125003826942,1.0264065219703713,1.0062134755189065,0.9530807432971948,0.8520689518976107,1.00604957656925,0.9576333302993151,0.9021190354914228,0.7860915973333648,0.6545451868657974,0.7619128311014929,0.8826146463901274
90,0.31829008322098745,0.1446380326879037,-0.16261712402547912,-0.33336537699057284,0.20129567060051656,0.024768696399087714,-0.11643249233317521,-0.3373466271861031,-0.5492347047324081,-0.4313985623191389,-0.27300464996257684,-1.0075107553060305,-0.937993827882003,-0.7995162567121797,-0.6589705011223222,-0.9546698649444083,-0.859194912597839,-0.7678940311101997,-0.5991005243111417,-0.4191823106732994,-0.5496715348081483,-0.7040631702546762,0.6892206720850422,0.7933557951940982,0.9621333807376596,0.9923358781128945,0.7533741943438897,0.8344262161987503,0.8843265234433746,0.936447151497237,0.9684170154057058,0.9810700971272865,0.9770678202172528
91,0.9026127043457637,0.7897063964122608,0.5777046095663951,0.4096216413313026,0.8217986537707799,0.6874148080204385,0.5681207488329678,0.36096942111946395,0.14803723859051338,0.2905094693280178,0.46541258740453256,-0.8810437218955398,-0.9401563056438945,-1.0273502267614112,-1.0043167366197103,-0.9141185841633813,-0.946321583037922,-0.9552935863795251,-0.9401581679543125,-0.9053818709954236,-0.9589341058116126,-1.0072984860041327,-0.02156898245022197,0.1504499092316351,0.4496456171950203,0.5946950952884054,0.0923199303926045,0.2589067750174874,0.3871728375465601,0.5791887468348484,0.7573446324049103,0.668424636483596,0.5418858985996028
92,0.9976597538093865,1.0067046442289738,1.0048713818925286,0.9305684867168773,0.996832835662875,0.9774381658699568,0.9447160077592869,0.8636164245871569,0.7650623362810582,0.8549424298262002,0.9515451997634878,-0.2769929858365389,-0.432696053824469,-0.6982915015751832,-0.8052621752410869,-0.37805501781649786,-0.5204823637324106,-0.6248643951279998,-0.7715914537436944,-0.9008075931346101,-0.8483940458250524,-0.7645112055303606,-0.7206667679728415,-0.5740085904044995,-0.30657988031734384,-0.12530631147578516,-0.61877781784637,-0.45695580213753995,-0.31985161263128176,-0.09202497084345525,0.135745256853555,-0.006548384001143543,-0.1870339942331251
93,0.5519109179210115,0.6780072096067429,0.8873310587913095,0.9470913865347453,0.6315193992301503,0.7376293548999476,0.8092171923990464,0.8981305451943142,0.9673768316564116,0.9559436664776697,0.9218775202720033,0.4772038612260254,0.3093123370067922,0.009284959815341736,-0.16970583257802363,0.3629370806377663,0.18749000168885174,0.04427913418583037,-0.18477529790116848,-0.40794090632376406,-0.27797222495065865,-0.1073104897484844,-1.0291147791470348,-0.9873195466135339,-0.8966160186066457,-0.7773855539567164,-0.9944564798679146,-0.9251193565887997,-0.8534963265848755,-0.7133552472931383,-0.5594359253326442,-0.6779714415270056,-0.8145670305235159
94,-0.1930058308761778,-0.018212764322741343,0.2888034569317504,0.4502312515237841,-0.07611505657972613,0.09798024770789153,0.2350730453828904,0.4458028054218812,0.6453140538114552,0.5387645452594119,0.3924956148962355,0.972723813020913,0.8836554146027392,0.7118247065256577,0.5578438760800037,0.907192256626041,0.793831080047385,0.6894211447753541,0.5022012335127228,0.3060554651103191,0.4431279225878027,0.6080563426415376,-0.7797179821447336,-0.8654426502799961,-1.0006281634574081,-1.008075127603785,-0.8310772000463144,-0.8918113277552739,-0.9244941901582439,-0.9480040389346016,-0.9513695189217718,-0.9818924678472101,-1.00055195753777
95,-0.8333001828035144,-0.704561424272366,-0.4662710511445115,-0.2906845526071349,-0.7424890758549605,-0.5947806810777265,-0.46649648402821287,-0.24817921318166558,-0.026550419332085816,-0.17045914785460464,-0.3496411027491413,0.9409681936198535,0.9790023737319873,1.028511378980429,0.9830078599939918,0.9596937286407997,0.9698670311393858,0.9608551235127624,0.9169547270385959,0.8541522775414846,0.9240257591587774,0.9938185744505666,-0.10766801081634343,-0.27444094945962405,-0.5622403278359192,-0.6923233073868549,-0.21720465278584236,-0.3750863500616615,-0.49435863948455105,-0.6687755138569387,-0.8276018582093978,-0.7535666113041716,-0.6441774717014278
96,-1.0218965400079547,-1.008993170749,-0.9685999968315674,-0.8740302245876155,-1.0063898856927185,-0.965133928746357,-0.9151965054318805,-0.8076334270317841,-0.6840241798166952,-0.7872838209589584,-0.9022520297571308,0.39915142185113933,0.5436674334229596,0.7876841323411259,0.8753171895660424,0.4919835079665623,0.6201741715915461,0.7114447578031077,0.834660403916098,0.9392443554998505,0.9040431079474919,0.8408717475185313,0.6227451181568082,0.46532573732603516,0.18091586449043714,-0.0012869649784276694,0.5144063777261505,0.344959757154807,0.2037517476287693,-0.02702697688432076,-0.2552201756831582,-0.11675928698853551,0.06138028223859448
97,-0.6565624271789787,-0.7664857686939659,-0.9458899414607291,-0.9835935055429914,-0.7247657300298864,-0.8123232246891631,-0.8678011664497529,-0.929297943187915,-0.9707122731767354,-0.977350012914216,-0.9657881084005512,-0.3590320870419776,-0.1863698192219574,0.11988201555727528,0.29314827031407814,-0.24241387403584727,-0.06569320015972686,0.07638508292084543,0.2999258229682612,0.5152046477541721,0.39401070420669265,0.23211941820305576,1.0155945142209517,0.9528555879159193,0.8260079259034468,0.6904452352289073,0.9671796040657297,0.8780164248488865,0.7914160835289036,0.6293721202196533,0.45550762542255796,0.5833393087075164,0.7336686901974889
98,0.06467227742481296,-0.10849490621255926,-0.4104456447531544,-0.5599869222562802,-0.05027075708225889,-0.21918108671671108,-0.3500018180084446,-0.547223096793141,-0.7312112657961002,-0.6376295462976734,-0.505804467700022,-0.922600117683703,-0.8153817274406356,-0.6129072662739514,-0.4479234871506167,-0.8454100233188371,-0.7159508438194231,-0.6000797221415837,-0.3973870341130644,-0.18810846129629288,-0.32960052814210156,-0.5024591706065971,0.8579278402588916,0.923876633653195,1.0233529110271062,1.0079104094068958,0.8956807804010967,0.935131930536135,0.9500815401500272,0.9446101309062046,0.91931972709239,0.9672300744397728,1.008263638306616
99,0.7508516888521097,0.6083060576315165,0.3474887382010871,0.16716599203407378,0.6514754860426331,0.4927707333828729,0.35751961843293456,0.13148008979057513,-0.0953485260438243,0.047726058311977314,0.2283595816317588,-0.9860591597886702,-1.002405126834724,-1.013461148728404,-0.9461918339113068,-0.9901394265507354,-0.97811717435994,-0.9512623005785015,-0.8792897054329608,-0.7894532589578888,-0.8745466344468461,-0.9646728005708091,0.23520747093656247,0.39409906920320825,0.6659724105273178,0.7790258418772334,0.33866394050810505,0.4853464409770702,0.5937426821455686,0.7478096156423829,0.8848017850017126,0.826820576134869,0.7363132189390531
100,1.0300194727028216,0.995367492952036,0.9170595145820127,0.8037052443466851,1.0000787660383947,0.937609243495952,0.8712422829447306,0.7389120461116541,0.5921979103823807,0.7072105599777796,0.8387365617395244,-0.5150096434266357,-0.6460631958386467,-0.8646511305314669,-0.9315670394928383,-0.5981486267515259,-0.7100826491764693,-0.786801590478383,-0.8845628376703467,-0.9628651538535246,-0.9454337273383951,-0.9039697458818544,-0.5150098292761799,-0.3493042971133853,-0.05240838405053969,0.1278617951461569,-0.4019301392868643,-0.227526594319478,-0.08444069246634406,0.14565079155869592,0.3706672434711477,0.23822316736061913,0.06523318414233648
