-0.0166667,0
0,0
0.0166667,0
0.0333333,0
0.05,0
0.0666667,0
0.0833333,0
0.1,0
0.116667,0
0.133333,0
0.15,0
0.166667,0
0.183333,0
0.2,0
0.216667,0
0.233333,0
0.25,0
0.266667,0
0.283333,0
0.3,0
0.316667,0
0.333333,0
0.35,0
0.366667,0
0.383333,0
0.4,0
0.416667,0
0.433333,0
0.45,0
0.466667,0
0.483333,0
0.5,0
0.516667,0
0.533333,0
0.55,0
0.566666,0
0.583333,0
0.6,0
0.616666,0
0.633333,0
0.65,0
0.666666,0
0.683333,0
0.7,0
0.716666,0
0.733333,0
0.75,0
0.766666,0
0.783333,0
0.8,0
0.816666,0
0.833333,0
0.85,0
0.866666,0
0.883333,0
0.899999,0
0.916666,0
0.933333,0
0.949999,0
0.966666,0
0.983333,0
0.999999,0
0.999999,0
1.01667,-1.50E-06
1.03333,-9.65E-06
1.05,-2.29E-05
1.06667,-4.11E-05
1.08333,-6.44E-05
1.1,-9.24E-05
1.11667,-0.000124977
1.13333,-0.00016189
1.15,-0.000202893
1.16667,-0.000247727
1.18333,-0.000296115
1.2,-0.000347775
1.21667,-0.000402415
1.23333,-0.000459741
1.25,-0.00051946
1.26667,-0.000581281
1.28333,-0.000644921
1.3,-0.000710105
1.31667,-0.000776567
1.33333,-0.000844061
1.35,-0.000912352
1.36667,-0.000981227
1.38333,-0.00105049
1.4,-0.00111998
1.41667,-0.00118953
1.43333,-0.00125903
1.45,-0.00132837
1.46667,-0.00139747
1.48333,-0.00146629
1.5,-0.00153479
1.51667,-0.00160297
1.53333,-0.00167085
1.55,-0.00173846
1.56667,-0.00180585
1.58333,-0.00187311
1.6,-0.00194031
1.61667,-0.00200756
1.63333,-0.00207497
1.65,-0.00214265
1.66667,-0.00221072
1.68333,-0.00227931
1.7,-0.00234855
1.71667,-0.00241855
1.73333,-0.00248943
1.75,-0.00256129
1.76667,-0.00263391
1.78333,-0.00270405
1.8,-0.00277195
1.81667,-0.00283774
1.83333,-0.00290156
1.85,-0.00296357
1.86667,-0.0030239
1.88333,-0.00308272
1.9,-0.00314017
1.91667,-0.0031964
1.93333,-0.00325153
1.95,-0.00330571
1.96667,-0.00335905
1.98333,-0.00341166
2,-0.00346364
2.01667,-0.00351508
2.03333,-0.00356607
2.05,-0.00361665
2.06667,-0.00366689
2.08333,-0.00371683
2.1,-0.00376649
2.11667,-0.00381591
2.13333,-0.00386509
2.15,-0.00391403
2.16667,-0.00396274
2.18333,-0.00401121
2.2,-0.00405942
2.21667,-0.00410737
2.23333,-0.00415503
2.25,-0.00420238
2.26667,-0.00424943
2.28334,-0.00429615
2.3,-0.00434253
2.31667,-0.00438858
2.33334,-0.00443429
2.35,-0.00447968
2.36667,-0.00452476
2.38334,-0.00456957
2.4,-0.00461412
2.41667,-0.00465847
2.43334,-0.00470266
2.45,-0.00474676
2.46667,-0.00479082
2.48334,-0.00483494
2.50001,-0.00487918
2.51667,-0.00492365
2.53334,-0.00496842
2.55001,-0.00501361
2.56667,-0.00505932
2.58334,-0.00510566
2.60001,-0.00515274
2.61667,-0.00520066
2.63334,-0.00524954
2.65001,-0.00529948
2.66667,-0.0053506
2.68334,-0.005403
2.70001,-0.00545676
2.71667,-0.005512
2.73334,-0.00556878
2.75001,-0.0056272
2.76668,-0.00568731
2.78334,-0.00574918
2.80001,-0.00581285
2.81668,-0.00587837
2.83334,-0.00594575
2.85001,-0.00601503
2.86668,-0.0060862
2.88334,-0.00615926
2.90001,-0.00623418
2.91668,-0.00631094
2.93334,-0.00638949
2.95001,-0.00646978
2.96668,-0.00655175
2.98334,-0.00663531
3.00001,-0.00672039
3.01668,-0.00680688
3.03335,-0.00689469
3.05001,-0.00698369
3.06668,-0.00707377
3.08335,-0.0071648
3.10001,-0.00725664
3.11668,-0.00734916
3.13335,-0.00744222
3.15001,-0.00753566
3.16668,-0.00762933
3.18335,-0.00772309
3.20001,-0.00781678
3.21668,-0.00791025
3.23335,-0.00800333
3.25002,-0.0080959
3.26668,-0.00818778
3.28335,-0.00827885
3.30002,-0.00836895
3.31668,-0.00845796
3.33335,-0.00854573
3.35002,-0.00863214
3.36668,-0.00871707
3.38335,-0.00880042
3.40002,-0.00888207
3.41668,-0.00896192
3.43335,-0.00903989
3.45002,-0.0091159
3.46668,-0.00918987
3.48335,-0.00926173
3.50002,-0.00933145
3.51669,-0.00939896
3.53335,-0.00946423
3.55002,-0.00952724
3.56669,-0.00958796
3.58335,-0.00964638
3.60002,-0.00970251
3.61669,-0.00975634
3.63335,-0.0098079
3.65002,-0.00985719
3.66669,-0.00990426
3.68335,-0.00994914
3.70002,-0.00999187
3.71669,-0.0100325
3.73335,-0.0100711
3.75002,-0.0101077
3.76669,-0.0101424
3.78336,-0.0101752
3.80002,-0.0102063
3.81669,-0.0102357
3.83336,-0.0102635
3.85002,-0.0102898
3.86669,-0.0103147
3.88336,-0.0103383
3.90002,-0.0103606
3.91669,-0.0103819
3.93336,-0.0104023
3.95002,-0.0104217
3.96669,-0.0104404
3.98336,-0.0104585
4.00002,-0.010476
4.01669,-0.0104932
4.03336,-0.0105101
4.05002,-0.0105269
4.06669,-0.0105437
4.08336,-0.0105607
4.10002,-0.0105779
4.11669,-0.0105955
4.13336,-0.0106136
4.15002,-0.0106324
4.16669,-0.0106519
4.18336,-0.0106723
4.20002,-0.0106938
4.21669,-0.0107164
4.23335,-0.0107403
4.25002,-0.0107655
4.26669,-0.0107921
4.28335,-0.0108204
4.30002,-0.0108503
4.31669,-0.0108819
4.33335,-0.0109153
4.35002,-0.0109507
4.36669,-0.0109879
4.38335,-0.0110272
4.40002,-0.0110685
4.41669,-0.0111119
4.43335,-0.0111574
4.45002,-0.011205
4.46668,-0.0112548
4.48335,-0.0113067
4.50002,-0.0113607
4.51668,-0.0114168
4.53335,-0.0114751
4.55002,-0.0115353
4.56668,-0.0115976
4.58335,-0.0116618
4.60002,-0.011728
4.61668,-0.0117959
4.63335,-0.0118657
4.65001,-0.0119371
4.66668,-0.0120101
4.68335,-0.0120846
4.70001,-0.0121605
4.71668,-0.0122377
4.73335,-0.0123162
4.75001,-0.0123957
4.76668,-0.0124762
4.78335,-0.0125576
4.80001,-0.0126397
4.81668,-0.0127225
4.83335,-0.0128057
4.85001,-0.0128893
4.86668,-0.0129732
4.88334,-0.0130572
4.90001,-0.0131411
4.91668,-0.013225
4.93334,-0.0133085
4.95001,-0.0133916
4.96668,-0.0134742
4.98334,-0.0135561
5.00001,-0.0136371
5.01668,-0.0137172
5.03334,-0.0137963
5.05001,-0.0138741
5.06668,-0.0139505
5.08334,-0.0140255
5.10001,-0.0140989
5.11667,-0.0141705
5.13334,-0.0142403
5.15001,-0.0143081
5.16667,-0.0143738
5.18334,-0.0144374
5.20001,-0.0144986
5.21667,-0.0145574
5.23334,-0.0146136
5.25001,-0.0146673
5.26667,-0.0147183
5.28334,-0.0147665
5.3,-0.0148118
5.31667,-0.0148543
5.33334,-0.0148938
5.35,-0.0149303
5.36667,-0.0149637
5.38334,-0.0149941
5.4,-0.0150214
5.41667,-0.0150456
5.43334,-0.0150667
5.45,-0.0150848
5.46667,-0.0150998
5.48334,-0.0151118
5.5,-0.0151209
5.51667,-0.0151271
5.53333,-0.0151305
5.55,-0.0151312
5.56667,-0.0151294
5.58333,-0.0151251
5.6,-0.0151185
5.61667,-0.0151098
5.63333,-0.015099
5.65,-0.0150865
5.66667,-0.0150723
5.68333,-0.0150566
5.7,-0.0150397
5.71667,-0.0150218
5.73333,-0.015003
5.75,-0.0149836
5.76666,-0.0149639
5.78333,-0.014944
5.8,-0.0149241
5.81666,-0.0149046
5.83333,-0.0148856
5.85,-0.0148673
5.86666,-0.01485
5.88333,-0.014834
5.9,-0.0148193
5.91666,-0.0148062
5.93333,-0.014795
5.95,-0.0147858
5.96666,-0.0147787
5.98333,-0.0147741
5.99999,-0.0147719
6.01666,-0.0147724
6.03333,-0.0147758
6.04999,-0.014782
6.06666,-0.0147913
6.08333,-0.0148037
6.09999,-0.0148193
6.11666,-0.0148382
6.13333,-0.0148604
6.14999,-0.0148859
6.16666,-0.0149148
6.18332,-0.0149471
6.19999,-0.0149827
6.21666,-0.0150216
6.23332,-0.0150638
6.24999,-0.0151092
6.26666,-0.0151578
6.28332,-0.0152095
6.29999,-0.0152642
6.31666,-0.0153217
6.33332,-0.0153821
6.34999,-0.015445
6.36666,-0.0155106
6.38332,-0.0155785
6.39999,-0.0156487
6.41665,-0.0157211
6.43332,-0.0157954
6.44999,-0.0158715
6.46665,-0.0159493
6.48332,-0.0160287
6.49999,-0.0161094
6.51665,-0.0161913
6.53332,-0.0162742
6.54999,-0.0163581
6.56665,-0.0164426
6.58332,-0.0165277
6.59999,-0.0166133
6.61665,-0.0166991
6.63332,-0.016785
6.64998,-0.0168708
6.66665,-0.0169565
6.68332,-0.0170418
6.69998,-0.0171266
6.71665,-0.0172108
6.73332,-0.0172941
6.74998,-0.0173766
6.76665,-0.017458
6.78332,-0.0175381
6.79998,-0.0176169
6.81665,-0.0176943
6.83331,-0.01777
6.84998,-0.0178439
6.86665,-0.017916
6.88331,-0.017986
6.89998,-0.0180539
6.91665,-0.0181195
6.93331,-0.0181827
6.94998,-0.0182434
6.96665,-0.0183014
6.98331,-0.0183567
6.99998,-0.0184091
7.01665,-0.0184585
7.03331,-0.0185049
7.04998,-0.0185481
7.06664,-0.0185881
7.08331,-0.0186247
7.09998,-0.0186579
7.11664,-0.0186877
7.13331,-0.018714
7.14998,-0.0187367
7.16664,-0.0187558
7.18331,-0.0187713
7.19998,-0.0187833
7.21664,-0.0187916
7.23331,-0.0187964
7.24998,-0.0187977
7.26664,-0.0187955
7.28331,-0.0187899
7.29997,-0.018781
7.31664,-0.0187689
7.33331,-0.0187537
7.34997,-0.0187356
7.36664,-0.0187146
7.38331,-0.0186911
7.39997,-0.018665
7.41664,-0.0186367
7.43331,-0.0186063
7.44997,-0.0185741
7.46664,-0.0185403
7.4833,-0.0185052
7.49997,-0.0184689
7.51664,-0.0184318
7.5333,-0.0183942
7.54997,-0.0183563
7.56664,-0.0183183
7.5833,-0.0182807
7.59997,-0.0182436
7.61664,-0.0182074
7.6333,-0.0181724
7.64997,-0.0181388
7.66664,-0.018107
7.6833,-0.0180771
7.69997,-0.0180495
7.71663,-0.0180245
7.7333,-0.0180022
7.74997,-0.017983
7.76663,-0.0179669
7.7833,-0.0179543
7.79997,-0.0179454
7.81663,-0.0179402
7.8333,-0.017939
7.84997,-0.0179419
7.86663,-0.017949
7.8833,-0.0179603
7.89997,-0.0179761
7.91663,-0.0179962
7.9333,-0.0180208
7.94996,-0.0180499
7.96663,-0.0180834
7.9833,-0.0181213
7.99996,-0.0181635
8.01663,-0.0182101
8.0333,-0.0182608
8.04996,-0.0183156
8.06663,-0.0183744
8.0833,-0.0184371
8.09996,-0.0185033
8.11663,-0.0185731
8.1333,-0.0186462
8.14996,-0.0187225
8.16663,-0.0188017
8.18329,-0.0188836
8.19996,-0.018968
8.21663,-0.0190547
8.23329,-0.0191436
8.24996,-0.0192342
8.26663,-0.0193266
8.28329,-0.0194203
8.29996,-0.0195152
8.31663,-0.0196111
8.33329,-0.0197077
8.34996,-0.0198048
8.36662,-0.0199022
8.38329,-0.0199998
8.39996,-0.0200971
8.41662,-0.0201942
8.43329,-0.0202907
8.44996,-0.0203865
8.46662,-0.0204813
8.48329,-0.020575
8.49996,-0.0206675
8.51662,-0.0207584
8.53329,-0.0208477
8.54996,-0.0209352
8.56662,-0.0210207
8.58329,-0.0211041
8.59995,-0.0211851
8.61662,-0.0212638
8.63329,-0.0213397
8.64995,-0.021413
8.66662,-0.0214834
8.68329,-0.0215508
8.69995,-0.021615
8.71662,-0.0216759
8.73329,-0.0217335
8.74995,-0.0217875
8.76662,-0.0218379
8.78329,-0.0218846
8.79995,-0.0219275
8.81662,-0.0219665
8.83328,-0.0220015
8.84995,-0.0220324
8.86662,-0.0220592
8.88328,-0.0220818
8.89995,-0.0221002
8.91662,-0.0221143
8.93328,-0.0221242
8.94995,-0.0221297
8.96662,-0.022131
8.98328,-0.022128
8.99995,-0.0221207
9.01661,-0.0221093
9.03328,-0.0220938
9.04995,-0.0220743
9.06661,-0.0220508
9.08328,-0.0220235
9.09995,-0.0219926
9.11661,-0.0219581
9.13328,-0.0219203
9.14995,-0.0218793
9.16661,-0.0218354
9.18328,-0.0217888
9.19995,-0.0217397
9.21661,-0.0216884
9.23328,-0.0216351
9.24994,-0.0215802
9.26661,-0.0215239
9.28328,-0.0214666
9.29994,-0.0214086
9.31661,-0.0213502
9.33328,-0.0212917
9.34994,-0.0212336
9.36661,-0.021176
9.38328,-0.0211195
9.39994,-0.0210644
9.41661,-0.0210109
9.43328,-0.0209595
9.44994,-0.0209105
9.46661,-0.0208642
9.48327,-0.020821
9.49994,-0.0207811
9.51661,-0.0207449
9.53327,-0.0207126
9.54994,-0.0206846
9.56661,-0.020661
9.58327,-0.0206421
9.59994,-0.020628
9.61661,-0.020619
9.63327,-0.0206153
9.64994,-0.0206169
9.6666,-0.0206239
9.68327,-0.0206365
9.69994,-0.0206546
9.7166,-0.0206784
9.73327,-0.0207077
9.74994,-0.0207426
9.7666,-0.020783
9.78327,-0.0208289
9.79994,-0.02088
9.8166,-0.0209364
9.83327,-0.0209978
9.84994,-0.0210641
9.8666,-0.021135
9.88327,-0.0212105
9.89993,-0.0212902
9.9166,-0.0213739
9.93327,-0.0214613
9.94993,-0.0215523
9.9666,-0.0216464
9.98327,-0.0217436
9.99993,-0.0218433
10.0166,-0.0219455
10.0333,-0.0220497
10.0499,-0.0221557
10.0666,-0.0222633
10.0833,-0.022372
10.0999,-0.0224816
10.1166,-0.0225919
10.1333,-0.0227025
10.1499,-0.0228132
10.1666,-0.0229236
10.1833,-0.0230336
10.1999,-0.0231428
10.2166,-0.0232511
10.2333,-0.0233582
10.2499,-0.0234637
10.2666,-0.0235676
10.2833,-0.0236695
10.2999,-0.0237693
10.3166,-0.0238667
10.3333,-0.0239616
10.3499,-0.0240538
10.3666,-0.024143
10.3833,-0.0242291
10.3999,-0.0243119
10.4166,-0.0243913
10.4333,-0.024467
10.4499,-0.024539
10.4666,-0.0246071
10.4833,-0.0246711
10.4999,-0.0247309
10.5166,-0.0247865
10.5333,-0.0248376
10.5499,-0.0248842
10.5666,-0.0249261
10.5833,-0.0249633
10.5999,-0.0249957
10.6166,-0.0250232
10.6333,-0.0250457
10.6499,-0.0250632
10.6666,-0.0250757
10.6833,-0.025083
10.6999,-0.0250852
10.7166,-0.0250823
10.7333,-0.0250743
10.7499,-0.0250612
10.7666,-0.0250431
10.7833,-0.0250199
10.7999,-0.0249919
10.8166,-0.024959
10.8333,-0.0249214
10.8499,-0.0248793
10.8666,-0.0248327
10.8833,-0.0247818
10.8999,-0.0247269
10.9166,-0.0246681
10.9333,-0.0246057
10.9499,-0.0245399
10.9666,-0.024471
10.9833,-0.0243993
10.9999,-0.0243251
11.0166,-0.0242487
11.0333,-0.0241705
11.0499,-0.0240909
11.0666,-0.0240101
11.0833,-0.0239287
11.0999,-0.0238469
11.1166,-0.0237652
11.1332,-0.0236841
11.1499,-0.0236038
11.1666,-0.0235249
11.1832,-0.0234478
11.1999,-0.0233729
11.2166,-0.0233006
11.2332,-0.0232313
11.2499,-0.0231654
11.2666,-0.0231034
11.2832,-0.0230455
11.2999,-0.0229922
11.3166,-0.0229438
11.3332,-0.0229006
11.3499,-0.0228629
11.3666,-0.022831
11.3832,-0.0228052
11.3999,-0.0227856
11.4166,-0.0227724
11.4332,-0.0227658
11.4499,-0.022766
11.4666,-0.022773
11.4832,-0.0227868
11.4999,-0.0228075
11.5166,-0.0228352
11.5332,-0.0228696
11.5499,-0.0229109
11.5666,-0.0229588
11.5832,-0.0230133
11.5999,-0.0230741
11.6166,-0.0231411
11.6332,-0.023214
11.6499,-0.0232927
11.6666,-0.0233769
11.6832,-0.0234662
11.6999,-0.0235604
11.7166,-0.0236592
11.7332,-0.0237622
11.7499,-0.0238691
11.7666,-0.0239795
11.7832,-0.0240932
11.7999,-0.0242096
11.8166,-0.0243285
11.8332,-0.0244495
11.8499,-0.0245723
11.8666,-0.0246964
11.8832,-0.0248215
11.8999,-0.0249472
11.9166,-0.0250733
11.9332,-0.0251993
11.9499,-0.0253249
11.9666,-0.0254498
11.9832,-0.0255736
11.9999,-0.0256961
12.0166,-0.025817
12.0332,-0.0259359
12.0499,-0.0260526
12.0666,-0.0261668
12.0832,-0.0262783
12.0999,-0.0263868
12.1166,-0.0264921
12.1332,-0.0265939
12.1499,-0.026692
12.1666,-0.0267862
12.1832,-0.0268764
12.1999,-0.0269623
12.2166,-0.0270438
12.2332,-0.0271206
12.2499,-0.0271926
12.2666,-0.0272597
12.2832,-0.0273218
12.2999,-0.0273786
12.3166,-0.0274301
12.3332,-0.0274761
12.3499,-0.0275165
12.3666,-0.0275512
12.3832,-0.0275802
12.3999,-0.0276034
12.4166,-0.0276206
12.4332,-0.0276319
12.4499,-0.0276372
12.4666,-0.0276365
12.4832,-0.0276297
12.4999,-0.0276168
12.5166,-0.0275979
12.5332,-0.027573
12.5499,-0.0275421
12.5666,-0.0275053
12.5832,-0.0274626
12.5999,-0.0274143
12.6166,-0.0273603
12.6332,-0.0273009
12.6499,-0.0272363
12.6666,-0.0271665
12.6832,-0.0270919
12.6999,-0.0270127
12.7166,-0.0269291
12.7332,-0.0268414
12.7499,-0.02675
12.7666,-0.0266551
12.7832,-0.0265571
12.7999,-0.0264564
12.8166,-0.0263533
12.8332,-0.0262484
12.8499,-0.026142
12.8666,-0.0260345
12.8832,-0.0259265
12.8999,-0.0258184
12.9166,-0.0257107
12.9332,-0.0256039
12.9499,-0.0254985
12.9666,-0.025395
12.9832,-0.0252939
12.9999,-0.0251958
13.0166,-0.025101
13.0332,-0.0250102
13.0499,-0.0249237
13.0666,-0.0248421
13.0832,-0.0247658
13.0999,-0.0246952
13.1166,-0.0246308
13.1332,-0.0245729
13.1499,-0.0245218
13.1666,-0.0244779
13.1832,-0.0244415
13.1999,-0.0244128
13.2166,-0.024392
13.2332,-0.0243793
13.2499,-0.0243749
13.2666,-0.0243788
13.2832,-0.024391
13.2999,-0.0244117
13.3165,-0.0244407
13.3332,-0.024478
13.3499,-0.0245235
13.3665,-0.0245771
13.3832,-0.0246386
13.3999,-0.0247076
13.4165,-0.0247841
13.4332,-0.0248677
13.4499,-0.0249581
13.4665,-0.025055
13.4832,-0.025158
13.4999,-0.0252667
13.5165,-0.0253807
13.5332,-0.0254997
13.5499,-0.0256232
13.5665,-0.0257507
13.5832,-0.0258819
13.5999,-0.0260163
13.6165,-0.0261534
13.6332,-0.0262927
13.6499,-0.026434
13.6665,-0.0265766
13.6832,-0.0267201
13.6999,-0.0268642
13.7165,-0.0270084
13.7332,-0.0271524
13.7499,-0.0272956
13.7665,-0.0274376
13.7832,-0.0275783
13.7999,-0.027717
13.8165,-0.0278536
13.8332,-0.0279877
13.8499,-0.0281189
13.8665,-0.0282469
13.8832,-0.0283715
13.8999,-0.0284923
13.9165,-0.0286091
13.9332,-0.0287216
13.9499,-0.0288295
13.9665,-0.0289327
13.9832,-0.0290309
13.9999,-0.0291239
14.0165,-0.0292115
14.0332,-0.0292935
14.0499,-0.0293698
14.0665,-0.0294401
14.0832,-0.0295043
14.0999,-0.0295624
14.1165,-0.029614
14.1332,-0.0296592
14.1499,-0.0296978
14.1665,-0.0297297
14.1832,-0.0297547
14.1999,-0.0297729
14.2165,-0.0297842
14.2332,-0.0297884
14.2499,-0.0297856
14.2665,-0.0297757
14.2832,-0.0297587
14.2999,-0.0297346
14.3165,-0.0297034
14.3332,-0.0296651
14.3499,-0.0296199
14.3665,-0.0295677
14.3832,-0.0295086
14.3999,-0.0294429
14.4165,-0.0293705
14.4332,-0.0292917
14.4499,-0.0292067
14.4665,-0.0291157
14.4832,-0.0290189
14.4999,-0.0289166
14.5165,-0.028809
14.5332,-0.0286966
14.5499,-0.0285796
14.5665,-0.0284585
14.5832,-0.0283336
14.5999,-0.0282053
14.6165,-0.0280741
14.6332,-0.0279406
14.6499,-0.0278051
14.6665,-0.0276682
14.6832,-0.0275305
14.6999,-0.0273925
14.7165,-0.0272547
14.7332,-0.0271179
14.7499,-0.0269825
14.7665,-0.0268491
14.7832,-0.0267184
14.7999,-0.026591
14.8165,-0.0264675
14.8332,-0.0263484
14.8499,-0.0262344
14.8665,-0.026126
14.8832,-0.0260238
14.8999,-0.0259282
14.9165,-0.0258399
14.9332,-0.0257593
14.9499,-0.0256868
14.9665,-0.0256228
14.9832,-0.0255677
14.9999,-0.0255219
15.0165,-0.0254855
15.0332,-0.0254589
15.0499,-0.0254422
15.0665,-0.0254356
15.0832,-0.0254391
15.0999,-0.0254528
15.1165,-0.0254766
15.1332,-0.0255105
15.1499,-0.0255543
15.1665,-0.0256079
15.1832,-0.0256711
15.1999,-0.0257436
15.2165,-0.0258251
15.2332,-0.0259154
15.2499,-0.0260139
15.2665,-0.0261204
15.2832,-0.0262344
15.2999,-0.0263555
15.3165,-0.0264831
15.3332,-0.0266167
15.3499,-0.026756
15.3665,-0.0269002
15.3832,-0.027049
15.3999,-0.0272018
15.4165,-0.027358
15.4332,-0.027517
15.4499,-0.0276785
15.4665,-0.0278417
15.4832,-0.0280062
15.4998,-0.0281715
15.5165,-0.0283371
15.5332,-0.0285025
15.5498,-0.0286671
15.5665,-0.0288306
15.5832,-0.0289924
15.5998,-0.0291522
15.6165,-0.0293095
15.6332,-0.029464
15.6498,-0.0296152
15.6665,-0.0297627
15.6832,-0.0299063
15.6998,-0.0300456
15.7165,-0.0301802
15.7332,-0.0303099
15.7498,-0.0304344
15.7665,-0.0305534
15.7832,-0.0306667
15.7998,-0.030774
15.8165,-0.0308751
15.8332,-0.0309698
15.8498,-0.0310578
15.8665,-0.031139
15.8832,-0.0312133
15.8998,-0.0312804
15.9165,-0.0313402
15.9332,-0.0313925
15.9498,-0.0314372
15.9665,-0.0314742
15.9832,-0.0315034
15.9998,-0.0315247
16.0165,-0.0315379
16.0332,-0.0315431
16.0498,-0.03154
16.0665,-0.0315288
16.0832,-0.0315093
16.0998,-0.0314815
16.1165,-0.0314454
16.1332,-0.0314011
16.1498,-0.0313486
16.1665,-0.0312878
16.1832,-0.0312189
16.1998,-0.031142
16.2165,-0.0310572
16.2332,-0.0309646
16.2498,-0.0308644
16.2665,-0.0307569
16.2832,-0.0306422
16.2998,-0.0305207
16.3165,-0.0303925
16.3332,-0.0302581
16.3498,-0.0301178
16.3665,-0.0299719
16.3832,-0.029821
16.3998,-0.0296655
16.4165,-0.0295059
16.4332,-0.0293426
16.4498,-0.0291762
16.4665,-0.0290074
16.4832,-0.0288367
16.4998,-0.0286647
16.5165,-0.0284921
16.5332,-0.0283196
16.5498,-0.0281477
16.5665,-0.0279773
16.5832,-0.027809
16.5998,-0.0276436
16.6165,-0.0274817
16.6332,-0.0273242
16.6498,-0.0271717
16.6665,-0.0270249
16.6832,-0.0268846
16.6998,-0.0267514
16.7165,-0.026626
16.7332,-0.026509
16.7498,-0.026401
16.7665,-0.0263025
16.7832,-0.0262142
16.7998,-0.0261363
16.8165,-0.0260695
16.8332,-0.0260139
16.8498,-0.0259699
16.8665,-0.0259378
16.8832,-0.0259177
16.8998,-0.0259098
16.9165,-0.0259141
16.9332,-0.0259306
16.9498,-0.0259593
16.9665,-0.0259999
16.9832,-0.0260525
16.9998,-0.0261166
17.0165,-0.0261919
17.0332,-0.0262783
17.0498,-0.0263752
17.0665,-0.0264821
17.0832,-0.0265987
17.0998,-0.0267245
17.1165,-0.0268587
17.1332,-0.027001
17.1498,-0.0271507
17.1665,-0.0273072
17.1832,-0.0274698
17.1998,-0.027638
17.2165,-0.027811
17.2332,-0.0279884
17.2498,-0.0281693
17.2665,-0.0283532
17.2832,-0.0285394
17.2998,-0.0287274
17.3165,-0.0289165
17.3332,-0.0291062
17.3498,-0.0292957
17.3665,-0.0294847
17.3832,-0.0296725
17.3998,-0.0298586
17.4165,-0.0300426
17.4332,-0.0302238
17.4498,-0.0304019
17.4665,-0.0305765
17.4832,-0.0307471
17.4998,-0.0309132
17.5165,-0.0310746
17.5332,-0.0312308
17.5498,-0.0313816
17.5665,-0.0315265
17.5832,-0.0316654
17.5998,-0.0317978
17.6165,-0.0319236
17.6332,-0.0320424
17.6498,-0.0321541
17.6665,-0.0322584
17.6831,-0.032355
17.6998,-0.0324439
17.7165,-0.0325247
17.7331,-0.0325974
17.7498,-0.0326617
17.7665,-0.0327174
17.7831,-0.0327646
17.7998,-0.0328029
17.8165,-0.0328323
17.8331,-0.0328526
17.8498,-0.0328637
17.8665,-0.0328656
17.8831,-0.0328581
17.8998,-0.0328411
17.9165,-0.0328147
17.9331,-0.0327787
17.9498,-0.0327332
17.9665,-0.032678
17.9831,-0.0326133
17.9998,-0.032539
18.0165,-0.0324552
18.0331,-0.032362
18.0498,-0.0322596
18.0665,-0.0321479
18.0831,-0.0320273
18.0998,-0.031898
18.1165,-0.0317601
18.1331,-0.031614
18.1498,-0.0314599
18.1665,-0.0312983
18.1831,-0.0311295
18.1998,-0.0309539
18.2165,-0.030772
18.2331,-0.0305844
18.2498,-0.0303915
18.2665,-0.0301939
18.2831,-0.0299922
18.2998,-0.029787
18.3165,-0.0295791
18.3331,-0.029369
18.3498,-0.0291577
18.3665,-0.0289457
18.3831,-0.028734
18.3998,-0.0285232
18.4165,-0.0283142
18.4331,-0.0281079
18.4498,-0.027905
18.4665,-0.0277064
18.4831,-0.0275131
18.4998,-0.0273257
18.5165,-0.0271452
18.5331,-0.0269724
18.5498,-0.0268081
18.5665,-0.0266531
18.5831,-0.0265081
18.5998,-0.0263738
18.6165,-0.0262509
18.6331,-0.02614
18.6498,-0.0260417
18.6665,-0.0259563
18.6831,-0.0258845
18.6998,-0.0258264
18.7165,-0.0257825
18.7331,-0.0257529
18.7498,-0.0257376
18.7665,-0.0257369
18.7831,-0.0257505
18.7998,-0.0257784
18.8165,-0.0258205
18.8331,-0.0258765
18.8498,-0.0259461
18.8665,-0.0260288
18.8831,-0.0261243
18.8998,-0.026232
18.9165,-0.0263514
18.9331,-0.026482
18.9498,-0.026623
18.9665,-0.0267739
18.9831,-0.0269339
18.9998,-0.0271023
19.0165,-0.0272785
19.0331,-0.0274616
19.0498,-0.027651
19.0665,-0.0278458
19.0831,-0.0280454
19.0998,-0.0282489
19.1165,-0.0284558
19.1331,-0.0286652
19.1498,-0.0288765
19.1665,-0.029089
19.1831,-0.029302
19.1998,-0.0295149
19.2165,-0.0297271
19.2331,-0.0299379
19.2498,-0.0301469
19.2665,-0.0303534
19.2831,-0.030557
19.2998,-0.0307572
19.3165,-0.0309535
19.3331,-0.0311454
19.3498,-0.0313325
19.3665,-0.0315145
19.3831,-0.0316909
19.3998,-0.0318614
19.4165,-0.0320257
19.4331,-0.0321834
19.4498,-0.0323344
19.4665,-0.0324781
19.4831,-0.0326146
19.4998,-0.0327433
19.5165,-0.0328642
19.5331,-0.032977
19.5498,-0.0330814
19.5665,-0.0331773
19.5831,-0.0332645
19.5998,-0.0333427
19.6165,-0.0334118
19.6331,-0.0334716
19.6498,-0.0335219
19.6665,-0.0335625
19.6831,-0.0335934
19.6998,-0.0336142
19.7165,-0.033625
19.7331,-0.0336254
19.7498,-0.0336155
19.7665,-0.0335951
19.7831,-0.033564
19.7998,-0.0335223
19.8165,-0.0334699
19.8331,-0.0334066
19.8498,-0.0333325
19.8664,-0.0332475
19.8831,-0.0331518
19.8998,-0.0330453
19.9164,-0.0329282
19.9331,-0.0328006
19.9498,-0.0326626
19.9664,-0.0325146
19.9831,-0.0323567
19.9998,-0.0321893
20.0164,-0.0320126
20.0331,-0.0318271
20.0498,-0.0316332
20.0664,-0.0314312
20.0831,-0.0312217
20.0998,-0.0310053
20.1164,-0.0307825
20.1331,-0.030554
20.1498,-0.0303203
20.1664,-0.0300822
20.1831,-0.0298404
20.1998,-0.0295958
20.2164,-0.029349
20.2331,-0.029101
20.2498,-0.0288526
20.2664,-0.0286048
20.2831,-0.0283584
20.2998,-0.0281144
20.3164,-0.0278738
20.3331,-0.0276374
20.3498,-0.0274063
20.3664,-0.0271815
20.3831,-0.0269639
20.3998,-0.0267544
20.4164,-0.026554
20.4331,-0.0263635
20.4498,-0.0261839
20.4664,-0.026016
20.4831,-0.0258606
20.4998,-0.0257184
20.5164,-0.02559
20.5331,-0.0254761
20.5498,-0.0253772
20.5664,-0.0252937
20.5831,-0.025226
20.5998,-0.0251744
20.6164,-0.025139
20.6331,-0.02512
20.6498,-0.0251174
20.6664,-0.0251311
20.6831,-0.0251609
20.6998,-0.0252066
20.7164,-0.0252678
20.7331,-0.025344
20.7498,-0.0254349
20.7664,-0.0255399
20.7831,-0.0256584
20.7998,-0.0257898
20.8164,-0.0259332
20.8331,-0.026088
20.8498,-0.0262535
20.8664,-0.0264288
20.8831,-0.0266132
20.8998,-0.0268058
20.9164,-0.0270058
20.9331,-0.0272124
20.9498,-0.0274246
20.9664,-0.0276418
20.9831,-0.0278632
20.9998,-0.0280878
21.0164,-0.0283151
21.0331,-0.0285441
21.0498,-0.0287743
21.0664,-0.0290049
21.0831,-0.0292353
21.0998,-0.0294648
21.1164,-0.0296928
21.1331,-0.0299189
21.1498,-0.0301423
21.1664,-0.0303627
21.1831,-0.0305795
21.1998,-0.0307922
21.2164,-0.0310005
21.2331,-0.0312039
21.2498,-0.0314021
21.2664,-0.0315947
21.2831,-0.0317813
21.2998,-0.0319617
21.3164,-0.0321356
21.3331,-0.0323025
21.3498,-0.0324624
21.3664,-0.0326149
21.3831,-0.0327598
21.3998,-0.0328968
21.4164,-0.0330257
21.4331,-0.0331463
21.4498,-0.0332583
21.4664,-0.0333615
21.4831,-0.0334557
21.4998,-0.0335406
21.5164,-0.0336161
21.5331,-0.0336819
21.5498,-0.0337377
21.5664,-0.0337835
21.5831,-0.0338189
21.5998,-0.0338437
21.6164,-0.0338578
21.6331,-0.0338609
21.6498,-0.0338528
21.6664,-0.0338335
21.6831,-0.0338026
21.6998,-0.0337601
21.7164,-0.033706
21.7331,-0.0336399
21.7498,-0.033562
21.7664,-0.0334722
21.7831,-0.0333705
21.7998,-0.0332568
21.8164,-0.0331315
21.8331,-0.0329944
21.8498,-0.0328459
21.8664,-0.0326861
21.8831,-0.0325153
21.8998,-0.0323338
21.9164,-0.0321419
21.9331,-0.03194
21.9498,-0.0317286
21.9664,-0.0315081
21.9831,-0.031279
21.9998,-0.031042
22.0164,-0.0307977
22.0331,-0.0305467
22.0497,-0.0302898
22.0664,-0.0300277
22.0831,-0.0297611
22.0997,-0.0294911
22.1164,-0.0292183
22.1331,-0.0289437
22.1497,-0.0286683
22.1664,-0.0283931
22.1831,-0.028119
22.1997,-0.0278471
22.2164,-0.0275783
22.2331,-0.0273139
22.2497,-0.0270547
22.2664,-0.026802
22.2831,-0.0265567
22.2997,-0.0263199
22.3164,-0.0260926
22.3331,-0.0258759
22.3497,-0.0256706
22.3664,-0.0254777
22.3831,-0.025298
22.3997,-0.0251324
22.4164,-0.0249816
22.4331,-0.0248463
22.4497,-0.0247271
22.4664,-0.0246244
22.4831,-0.0245388
22.4997,-0.0244704
22.5164,-0.0244196
22.5331,-0.0243864
22.5497,-0.0243709
22.5664,-0.024373
22.5831,-0.0243926
22.5997,-0.0244293
22.6164,-0.0244829
22.6331,-0.0245529
22.6497,-0.0246387
22.6664,-0.0247398
22.6831,-0.0248555
22.6997,-0.0249853
22.7164,-0.0251282
22.7331,-0.0252836
22.7497,-0.0254505
22.7664,-0.0256283
22.7831,-0.0258159
22.7997,-0.0260126
22.8164,-0.0262174
22.8331,-0.0264295
22.8497,-0.0266481
22.8664,-0.0268722
22.8831,-0.0271011
22.8997,-0.0273338
22.9164,-0.0275697
22.9331,-0.0278079
22.9497,-0.0280477
22.9664,-0.0282884
22.9831,-0.0285293
22.9997,-0.0287698
23.0164,-0.0290093
23.0331,-0.0292472
23.0497,-0.0294829
23.0664,-0.0297159
23.0831,-0.0299458
23.0997,-0.0301721
23.1164,-0.0303944
23.1331,-0.0306123
23.1497,-0.0308255
23.1664,-0.0310335
23.1831,-0.031236
23.1997,-0.0314328
23.2164,-0.0316235
23.2331,-0.0318079
23.2497,-0.0319856
23.2664,-0.0321565
23.2831,-0.0323203
23.2997,-0.0324767
23.3164,-0.0326255
23.3331,-0.0327664
23.3497,-0.0328991
23.3664,-0.0330235
23.3831,-0.0331392
23.3997,-0.0332461
23.4164,-0.0333438
23.4331,-0.0334321
23.4497,-0.0335106
23.4664,-0.0335792
23.4831,-0.0336375
23.4997,-0.0336853
23.5164,-0.0337222
23.5331,-0.0337481
23.5497,-0.0337627
23.5664,-0.0337657
23.5831,-0.0337568
23.5997,-0.0337359
23.6164,-0.0337028
23.6331,-0.0336572
23.6497,-0.033599
23.6664,-0.0335281
23.6831,-0.0334445
23.6997,-0.033348
23.7164,-0.0332388
23.7331,-0.0331168
23.7497,-0.0329822
23.7664,-0.032835
23.7831,-0.0326756
23.7997,-0.032504
23.8164,-0.0323207
23.8331,-0.032126
23.8497,-0.0319202
23.8664,-0.0317037
23.8831,-0.0314771
23.8997,-0.0312409
23.9164,-0.0309956
23.9331,-0.0307419
23.9497,-0.0304804
23.9664,-0.0302119
23.9831,-0.0299371
23.9997,-0.0296569
24.0164,-0.0293721
24.0331,-0.0290837
24.0497,-0.0287924
24.0664,-0.0284993
24.0831,-0.0282055
24.0997,-0.0279119
24.1164,-0.0276197
24.1331,-0.0273298
24.1497,-0.0270435
24.1664,-0.0267618
24.1831,-0.0264859
24.1997,-0.0262169
24.2164,-0.0259558
24.233,-0.0257039
24.2497,-0.0254622
24.2664,-0.0252317
24.283,-0.0250135
24.2997,-0.0248084
24.3164,-0.0246174
24.333,-0.0244412
24.3497,-0.0242807
24.3664,-0.0241365
24.383,-0.0240093
24.3997,-0.0238994
24.4164,-0.0238073
24.433,-0.0237333
24.4497,-0.0236776
24.4664,-0.0236404
24.483,-0.0236215
24.4997,-0.023621
24.5164,-0.0236385
24.533,-0.0236739
24.5497,-0.0237267
24.5664,-0.0237963
24.583,-0.0238823
24.5997,-0.0239841
24.6164,-0.0241009
24.633,-0.0242321
24.6497,-0.0243768
24.6664,-0.0245341
24.683,-0.0247033
24.6997,-0.0248836
24.7164,-0.0250739
24.733,-0.0252734
24.7497,-0.0254813
24.7664,-0.0256965
24.783,-0.0259183
24.7997,-0.0261458
24.8164,-0.0263782
24.833,-0.0266145
24.8497,-0.0268541
24.8664,-0.0270962
24.883,-0.02734
24.8997,-0.0275849
24.9164,-0.0278301
24.933,-0.0280752
24.9497,-0.0283195
24.9664,-0.0285624
24.983,-0.0288035
24.9997,-0.0290422
25.0164,-0.0292781
25.033,-0.0295108
25.0497,-0.0297398
25.0664,-0.0299649
25.083,-0.0301857
25.0997,-0.030402
25.1164,-0.0306132
25.133,-0.0308193
25.1497,-0.0310198
25.1664,-0.0312146
25.183,-0.0314034
25.1997,-0.0315858
25.2164,-0.0317617
25.233,-0.0319308
25.2497,-0.0320927
25.2664,-0.0322473
25.283,-0.0323943
25.2997,-0.0325334
25.3164,-0.0326642
25.333,-0.0327865
25.3497,-0.0329001
25.3664,-0.0330045
25.383,-0.0330994
25.3997,-0.0331845
25.4164,-0.0332595
25.433,-0.033324
25.4497,-0.0333777
25.4664,-0.0334203
25.483,-0.0334514
25.4997,-0.0334707
25.5164,-0.0334779
25.533,-0.0334727
25.5497,-0.033455
25.5664,-0.0334243
25.583,-0.0333806
25.5997,-0.0333237
25.6164,-0.0332534
25.633,-0.0331697
25.6497,-0.0330724
25.6664,-0.0329617
25.683,-0.0328375
25.6997,-0.0327001
25.7164,-0.0325494
25.733,-0.0323857
25.7497,-0.0322094
25.7664,-0.0320207
25.783,-0.0318199
25.7997,-0.0316074
25.8164,-0.0313838
25.833,-0.0311495
25.8497,-0.0309051
25.8664,-0.0306513
25.883,-0.0303885
25.8997,-0.0301177
25.9164,-0.0298394
25.933,-0.0295545
25.9497,-0.0292639
25.9664,-0.0289684
25.983,-0.028669
25.9997,-0.0283666
26.0164,-0.0280623
26.033,-0.027757
26.0497,-0.0274518
26.0664,-0.0271479
26.083,-0.0268464
26.0997,-0.0265484
26.1164,-0.026255
26.133,-0.0259674
26.1497,-0.0256868
26.1664,-0.0254144
26.183,-0.0251511
26.1997,-0.0248982
26.2164,-0.0246567
26.233,-0.0244276
26.2497,-0.0242118
26.2664,-0.0240104
26.283,-0.0238241
26.2997,-0.0236537
26.3164,-0.0234999
26.333,-0.0233633
26.3497,-0.0232443
26.3664,-0.0231435
26.383,-0.023061
26.3997,-0.0229971
26.4163,-0.0229519
26.433,-0.0229253
26.4497,-0.0229173
26.4663,-0.0229277
26.483,-0.0229562
26.4997,-0.0230024
26.5163,-0.0230657
26.533,-0.0231457
26.5497,-0.0232417
26.5663,-0.023353
26.583,-0.0234789
26.5997,-0.0236185
26.6163,-0.0237712
26.633,-0.023936
26.6497,-0.024112
26.6663,-0.0242984
26.683,-0.0244942
26.6997,-0.0246987
26.7163,-0.0249109
26.733,-0.0251299
26.7497,-0.0253549
26.7663,-0.0255851
26.783,-0.0258197
26.7997,-0.0260578
26.8163,-0.0262989
26.833,-0.026542
26.8497,-0.0267867
26.8663,-0.0270322
26.883,-0.0272779
26.8997,-0.0275233
26.9163,-0.027768
26.933,-0.0280112
26.9497,-0.0282527
26.9663,-0.028492
26.983,-0.0287286
26.9997,-0.0289623
27.0163,-0.0291926
27.033,-0.0294192
27.0497,-0.0296419
27.0663,-0.0298604
27.083,-0.0300743
27.0997,-0.0302833
27.1163,-0.0304874
27.133,-0.030686
27.1497,-0.0308791
27.1663,-0.0310663
27.183,-0.0312473
27.1997,-0.031422
27.2163,-0.0315899
27.233,-0.0317508
27.2497,-0.0319044
27.2663,-0.0320503
27.283,-0.0321883
27.2997,-0.0323179
27.3163,-0.0324388
27.333,-0.0325507
27.3497,-0.0326531
27.3663,-0.0327457
27.383,-0.0328281
27.3997,-0.0328998
27.4163,-0.0329605
27.433,-0.0330099
27.4497,-0.0330475
27.4663,-0.033073
27.483,-0.033086
27.4997,-0.0330863
27.5163,-0.0330736
27.533,-0.0330475
27.5497,-0.0330079
27.5663,-0.0329545
27.583,-0.0328873
27.5997,-0.0328061
27.6163,-0.0327109
27.633,-0.0326018
27.6497,-0.0324786
27.6663,-0.0323417
27.683,-0.0321911
27.6997,-0.0320271
27.7163,-0.0318499
27.733,-0.0316599
27.7497,-0.0314575
27.7663,-0.031243
27.783,-0.0310169
27.7997,-0.0307797
27.8163,-0.0305321
27.833,-0.0302747
27.8497,-0.0300081
27.8663,-0.029733
27.883,-0.0294503
27.8997,-0.0291606
27.9163,-0.028865
27.933,-0.0285642
27.9497,-0.0282592
27.9663,-0.027951
27.983,-0.0276406
27.9997,-0.027329
28.0163,-0.0270174
28.033,-0.0267068
28.0497,-0.0263984
28.0663,-0.0260932
28.083,-0.0257926
28.0997,-0.0254976
28.1163,-0.0252093
28.133,-0.0249291
28.1497,-0.0246579
28.1663,-0.0243969
28.183,-0.0241471
28.1997,-0.0239097
28.2163,-0.0236856
28.233,-0.0234756
28.2497,-0.0232807
28.2663,-0.0231016
28.283,-0.0229391
28.2997,-0.0227937
28.3163,-0.0226659
28.333,-0.0225561
28.3497,-0.0224647
28.3663,-0.0223919
28.383,-0.0223377
28.3997,-0.0223022
28.4163,-0.0222853
28.433,-0.0222868
28.4497,-0.0223064
28.4663,-0.0223438
28.483,-0.0223984
28.4997,-0.0224697
28.5163,-0.0225572
28.533,-0.0226601
28.5497,-0.0227778
28.5663,-0.0229094
28.583,-0.0230543
28.5996,-0.0232114
28.6163,-0.02338
28.633,-0.0235592
28.6496,-0.0237482
28.6663,-0.0239461
28.683,-0.024152
28.6996,-0.0243651
28.7163,-0.0245845
28.733,-0.0248095
28.7496,-0.0250392
28.7663,-0.0252729
28.783,-0.02551
28.7996,-0.0257497
28.8163,-0.0259913
28.833,-0.0262343
28.8496,-0.0264781
28.8663,-0.0267221
28.883,-0.0269658
28.8996,-0.0272088
28.9163,-0.0274506
28.933,-0.0276908
28.9496,-0.027929
28.9663,-0.0281648
28.983,-0.028398
28.9996,-0.0286283
29.0163,-0.0288552
29.033,-0.0290786
29.0496,-0.0292981
29.0663,-0.0295136
29.083,-0.0297247
29.0996,-0.0299312
29.1163,-0.0301329
29.133,-0.0303294
29.1496,-0.0305205
29.1663,-0.0307058
29.183,-0.0308851
29.1996,-0.0310581
29.2163,-0.0312244
29.233,-0.0313836
29.2496,-0.0315355
29.2663,-0.0316796
29.283,-0.0318156
29.2996,-0.031943
29.3163,-0.0320613
29.333,-0.0321703
29.3496,-0.0322694
29.3663,-0.0323582
29.383,-0.0324363
29.3996,-0.0325033
29.4163,-0.0325587
29.433,-0.0326021
29.4496,-0.0326331
29.4663,-0.0326513
29.483,-0.0326565
29.4996,-0.0326483
29.5163,-0.0326264
29.533,-0.0325906
29.5496,-0.0325407
29.5663,-0.0324766
29.583,-0.0323982
29.5996,-0.0323053
29.6163,-0.0321981
29.633,-0.0320766
29.6496,-0.031941
29.6663,-0.0317913
29.683,-0.031628
29.6996,-0.0314512
29.7163,-0.0312612
29.733,-0.0310586
29.7496,-0.0308436
29.7663,-0.0306169
29.783,-0.0303789
29.7996,-0.0301302
29.8163,-0.0298715
29.833,-0.0296035
29.8496,-0.0293268
29.8663,-0.0290423
29.883,-0.0287507
29.8996,-0.028453
29.9163,-0.02815
29.933,-0.0278426
29.9496,-0.0275319
29.9663,-0.0272189
29.983,-0.0269046
29.9996,-0.02659
30.008,-0.026433
